Student ID,Gender,Type of Examinee,Pre-assessment 2025,Anatomy,Physiology,Parasitology,Pharmacology,Pathology,Zootechnics,Microbiology & Public Health,Medicine,Surgery,Post-assessment 2025,Pre-assessment 2025_last,Anatomy_last,Physiology_last,Parasitology_last,Pharmacology_last,Pathology_last,Zootechnics_last,Microbiology & Public Health_last,Medicine_last,Surgery_last,Post-assessment 2025_last,Pre-assessment 2025_best,Anatomy_best,Physiology_best,Parasitology_best,Pharmacology_best,Pathology_best,Zootechnics_best,Microbiology & Public Health_best,Medicine_best,Surgery_best,Post-assessment 2025_best,avg_best_score,max_best_score,avg_first_score,avg_last_score,total_attempts,avg_attempts,avg_improvement,score_std,num_exams,Licensure Exam Result
Student 1,Male,Repeater,37,52,,,51,41,58,,,,,28,52,,,51,41,58,,,,,37,52,,,51,41,58,,,,,47.8,58,47.8,46,6,1.2,-1.8,8.584870413,5,1
Student 2,Male,Repeater,,,55,59,45,41,57,47,,,,,,55,59,45,41,57,47,,,,,,55,59,45,41,57,47,,,,50.66666667,59,50.66666667,50.66666667,6,1,0,7.312090444,6,1
Student 3,Male,First Taker,48,50,,,,,,,,,,48,50,,,,,,,,,,48,50,,,,,,,,,,49,50,49,49,2,1,0,1.414213562,2,1
Student 4,Male,First Taker,53,49,61,63,51,36,56,75,68,75,,89,92,95,54,83,36,92,72,90,75,,89,93,96,63,83,36,92,75,90,75,,79.2,96,58.7,77.8,29,2.9,19.1,18.34121043,10,1
Student 5,Female,First Taker,49,57,65,65,68,48,75,72,76,66,,49,72,65,65,68,72,75,72,76,66,,49,72,65,65,68,72,75,72,76,66,,68,76,64.1,68,12,1.2,3.9,7.774602526,10,1
Student 6,Male,Repeater,81,59,65,60,49,49,58,59,76,66,56,81,71,83,83,65,63,83,78,95,79,69,81,71,83,83,65,73,83,78,95,79,69,78.18181818,95,61.63636364,77.27272727,34,3.090909091,15.63636364,8.352462892,11,1
Student 7,Female,First Taker,42,50,59,64,42,50,71,30,66,53,62,69,77,75,72,69,69,78,75,94,71,69,69,77,75,72,69,72,78,75,94,71,69,74.63636364,94,53.54545455,74.36363636,29,2.636363636,20.81818182,7.17318238,11,1
Student 8,Male,Repeater,42,42,,,,,,,,,,42,42,,,,,,,,,,42,42,,,,,,,,,,42,42,42,42,2,1,0,0,2,0
Student 9,Male,First Taker,48,56,65,46,6,9,77,27,25,68,43,50,61,19,46,35,9,77,27,25,68,43,50,61,65,46,35,9,77,27,25,68,43,46,77,42.72727273,41.81818182,18,1.636363636,-0.9090909091,20.85185843,11,1
Student 10,Female,First Taker,57,49,56,66,46,50,61,,70,70,,100,49,56,32,46,57,61,,70,70,,100,49,56,66,46,57,61,,70,70,,63.88888889,100,58.33333333,60.11111111,13,1.444444444,1.777777778,15.98002225,9,1
Student 11,Female,First Taker,44,56,79,61,64,54,71,73,76,72,80,23,99,100,99,100,100,100,100,100,98,100,44,99,100,99,100,100,100,100,100,98,100,94.54545455,100,66.36363636,92.63636364,30,2.727272727,26.27272727,16.77714896,11,1
Student 12,Male,Repeater,42,45,49,49,48,33,65,48,62,54,32,68,45,49,49,48,33,65,48,62,54,32,68,45,49,49,48,33,65,48,62,54,32,50.27272727,68,47.90909091,50.27272727,12,1.090909091,2.363636364,11.64552196,11,0
Student 13,Male,Repeater,42,,,,,,,,,,,42,,,,,,,,,,,42,,,,,,,,,,,42,42,42,42,1,1,0,0,1,0
Student 14,Male,Repeater,46,50,60,,,,,,,,,73,50,49,,,,,,,,,73,50,60,,,,,,,,,61,73,52,57.33333333,5,1.666666667,5.333333333,11.53256259,3,1
Student 15,Male,First Taker,47,47,52,52,48,52,65,56,,,,82,49,52,52,48,52,83,56,,,,82,49,52,52,48,52,83,56,,,,59.25,83,52.375,59.25,15,1.875,6.875,14.54795027,8,1
Student 16,Female,First Taker,62,77,88,83,70,68,86,86,86,,,62,77,88,83,70,68,86,86,86,,,62,77,88,83,70,68,86,86,86,,,78.44444444,88,78.44444444,78.44444444,9,1,0,9.593110954,9,1
Student 17,Female,First Taker,43,50,74,56,46,50,64,70,71,74,,43,95,97,56,66,50,100,70,71,74,,43,95,97,56,66,50,100,70,71,74,,72.2,100,59.8,72.2,14,1.4,12.4,19.898632,10,1
Student 18,Female,First Taker,43,44,59,51,48,45,60,62,64,59,56,57,61,79,51,48,45,60,62,82,59,56,57,61,79,51,48,45,60,62,82,59,56,60,82,53.72727273,60,16,1.454545455,6.272727273,11.51520734,11,0
Student 19,Female,First Taker,30,42,59,48,39,,74,65,,,,30,65,68,71,42,,74,65,,,,30,65,68,71,42,,74,65,,,,59.28571429,74,51,59.28571429,20,2.857142857,8.285714286,16.59030124,7,1
Student 20,Female,First Taker,,35,,,74,46,70,80,,,,,35,,,74,46,70,80,,,,,35,,,74,46,70,80,,,,61,80,61,61,5,1,0,19.4422221,5,1
Student 21,Female,First Taker,35,45,,,,,,,,,,57,45,,,,,,,,,,57,45,,,,,,,,,,51,57,40,51,3,1.5,11,8.485281374,2,1
Student 22,Female,First Taker,40,44,70,72,67,47,80,60,,40,,40,99,85,87,39,100,93,97,,40,,40,99,97,99,99,100,99,100,,40,,85.88888889,100,57.77777778,75.55555556,24,2.666666667,17.77777778,26.03096447,9,1
Student 23,Female,First Taker,39,53,,,,,,,,,,39,53,,,,,,,,,,39,53,,,,,,,,,,46,53,46,46,2,1,0,9.899494937,2,1
Student 24,Female,First Taker,,70,,,,,,,,,,,70,,,,,,,,,,,70,,,,,,,,,,70,70,70,70,1,1,0,0,1,1
Student 25,Female,Repeater,49,,,,,,,,,,,49,,,,,,,,,,,49,,,,,,,,,,,49,49,49,49,1,1,0,0,1,0
Student 26,Female,First Taker,33,44,55,47,,,57,,,,,33,58,55,47,,,57,,,,,33,58,55,47,,,57,,,,,50,58,47.2,50,7,1.4,2.8,10.44030651,5,1
Student 27,Female,First Taker,56,60,69,,,,,,,,,56,60,69,,,,,,,,,56,60,69,,,,,,,,,61.66666667,69,61.66666667,61.66666667,3,1,0,6.658328118,3,1
Student 28,Female,Repeater,94,56,60,18,,,,,75,,56,94,56,90,94,,,,,75,,56,94,56,90,94,,,,,75,,56,77.5,94,59.83333333,77.5,9,1.5,17.66666667,18.06377591,6,1
Student 29,Female,First Taker,70,58,79,69,69,50,68,,,,89,85,85,79,69,78,75,68,,,,89,85,85,79,69,78,75,68,,,,89,78.5,89,69,78.5,14,1.75,9.5,7.634508123,8,1
Student 30,Female,Repeater,44,,,,,,,,,,,74,,,,,,,,,,,74,,,,,,,,,,,74,74,44,74,2,2,30,0,1,1
Student 31,Female,,42,56,62,40,44,39,52,54,63,62,,51,56,62,40,44,94,97,96,63,78,,51,56,62,40,44,94,97,96,63,99,,70.2,99,51.4,68.1,18,1.8,16.7,23.72902583,10,1
Student 32,Female,Repeater,,56,69,57,49,,,,,,,,56,69,57,49,,,,,,,,56,69,57,49,,,,,,,57.75,69,57.75,57.75,4,1,0,8.30160627,4,1
Student 33,Female,First Taker,51,61,,,,,66,,,,,91,64,,,,,66,,,,,91,64,,,,,66,,,,,73.66666667,91,59.33333333,73.66666667,5,1.666666667,14.33333333,15.0443788,3,1
Student 34,Female,Repeater,52,42,58,61,46,56,65,56,72,63,83,94,65,70,77,82,74,92,85,91,83,83,98,84,83,87,82,86,92,85,91,86,83,87,98,59.45454545,81.45454545,51,4.636363636,22,4.837354649,11,1
Student 35,Female,First Taker,41,63,84,71,68,66,79,77,80,78,,41,63,84,71,68,66,97,77,80,82,,41,63,84,71,68,66,97,77,80,98,,74.5,98,70.7,72.9,13,1.3,2.2,16.88687854,10,1
Student 36,Female,First Taker,45,41,30,31,24,76,83,,,72,,30,75,85,31,24,76,83,,,72,,45,75,85,31,24,76,83,,,72,,61.375,85,50.25,59.5,12,1.5,9.25,24.27778232,8,1
Student 37,Female,Repeater,33,38,29,31,38,35,51,51,57,62,60,33,86,53,82,44,56,51,82,96,87,60,33,86,53,82,44,56,51,82,96,87,60,66.36363636,96,44.09090909,66.36363636,28,2.545454545,22.27272727,20.86754766,11,0
Student 38,Female,First Taker,37,45,58,55,,,,,,,,37,45,58,55,,,,,,,,37,45,58,55,,,,,,,,48.75,58,48.75,48.75,4,1,0,9.604686356,4,0
Student 39,Female,Repeater,31,49,7,,,,53,56,55,56,,31,49,7,,,,53,56,55,56,,31,49,7,,,,53,56,55,56,,43.85714286,56,43.85714286,43.85714286,7,1,0,18.49710402,7,0
Student 40,Female,First Taker,52,59,,,,,,,,,,52,71,,,,,,,,,,52,71,,,,,,,,,,61.5,71,55.5,61.5,3,1.5,6,13.43502884,2,1
Student 41,Male,First Taker,36,,,,,,,,,,,36,,,,,,,,,,,36,,,,,,,,,,,36,36,36,36,1,1,0,0,1,0
Student 42,Male,Repeater,42,49,62,48,39,36,51,66,67,61,,100,75,91,79,80,89,100,96,98,80,,100,98,99,90,80,89,100,96,98,80,,93,100,52.1,88.8,27,2.7,36.7,7.859884082,10,1
Student 43,Female,Repeater,41,48,,,,,,,,,,41,56,,,,,,,,,,41,56,,,,,,,,,,48.5,56,44.5,48.5,3,1.5,4,10.60660172,2,1
Student 44,Female,Repeater,44,52,60,,,,,,,,,77,61,60,,,,,,,,,77,61,60,,,,,,,,,66,77,52,66,6,2,14,9.539392014,3,1
Student 45,Female,Repeater,30,44,59,,,,62,,,,,30,44,59,,,,62,,,,,30,44,59,,,,62,,,,,48.75,62,48.75,48.75,4,1,0,14.7732867,4,1
Student 46,Female,Repeater,,29,29,,,,49,,,,,,29,31,,,,28,,,,,,29,31,,,,49,,,,,36.33333333,49,35.66666667,29.33333333,5,1.666666667,-6.333333333,11.01514109,3,1
Student 47,Female,Repeater,46,47,,,,,,,,,,97,82,,,,,,,,,,97,82,,,,,,,,,,89.5,97,46.5,89.5,6,3,43,10.60660172,2,1
Student 48,Female,Repeater,48,44,55,47,,,62,52,,,,48,44,54,47,,,62,74,,,,48,44,55,47,,,62,74,,,,55,74,51.33333333,54.83333333,8,1.333333333,3.5,11.34900877,6,1
Student 49,Female,First Taker,19,47,54,51,50,49,68,54,64,58,,36,96,97,51,50,49,68,54,64,58,,36,96,97,51,50,49,68,54,64,58,,62.3,97,51.4,62.3,13,1.3,10.9,20.02803591,10,1
Student 50,Female,First Taker,51,60,58,57,60,51,69,62,68,70,62,98,70,76,62,73,61,85,71,75,70,62,98,97,96,62,100,61,98,71,96,70,62,82.81818182,100,60.72727273,73,29,2.636363636,12.27272727,17.18032702,11,1
Student 51,Female,First Taker,42,55,60,46,48,40,58,62,72,70,62,42,55,60,78,48,40,58,62,72,74,62,42,55,60,78,48,40,58,62,72,74,62,59.18181818,78,55.90909091,59.18181818,13,1.181818182,3.272727273,12.49654498,11,1
Student 52,Female,Repeater,,,,,,,,59,,,,,,,,,,,35,,,,,,,,,,,59,,,,59,59,59,35,2,2,-24,0,1,1
Student 53,Male,First Taker,33,47,63,54,,47,67,58,,34,,75,49,73,54,,47,67,58,,34,,75,49,73,54,,47,67,58,,34,,57.125,75,50.375,57.125,13,1.625,6.75,14.05537518,8,1
Student 54,Female,Repeater,57,61,76,60,57,53,65,61,70,62,57,99,61,76,60,57,53,65,61,70,62,57,99,61,76,60,57,53,65,61,70,62,57,65.54545455,99,61.72727273,65.54545455,12,1.090909091,3.818181818,12.79346424,11,1
Student 55,Male,First Taker,,36,,,,,66,,,,,,36,,,,,66,,,,,,36,,,,,66,,,,,51,66,51,51,2,1,0,21.21320344,2,0
Student 56,Male,First Taker,43,58,81,64,67,81,85,99,96,94,83,97,58,81,64,67,81,85,99,96,94,83,97,58,81,64,67,81,85,99,96,94,83,82.27272727,99,77.36363636,82.27272727,13,1.181818182,4.909090909,14.1073804,11,0
Student 57,Male,Repeater,40,32,,,,,,,,,46,40,32,,,,,,,,,46,40,32,,,,,,,,,46,39.33333333,46,39.33333333,39.33333333,3,1,0,7.023769169,3,1
Student 58,Female,Repeater,55,61,67,60,56,54,,,,,,64,61,67,60,56,54,,,,,,64,61,67,60,56,54,,,,,,60.33333333,67,58.83333333,60.33333333,7,1.166666667,1.5,4.844240567,6,1
Student 59,Female,Repeater,44,50,53,39,46,55,42,55,58,39,,91,79,95,41,46,55,74,47,58,62,,98,91,95,82,46,55,74,55,58,64,,71.8,98,48.1,64.8,45,4.5,16.7,18.8077998,10,0
Student 60,Female,First Taker,38,56,67,47,52,48,71,63,67,,68,53,56,67,47,52,48,71,63,67,,68,53,56,67,47,52,48,71,63,67,,68,59.2,71,57.7,59.2,11,1.1,1.5,8.991353872,10,1
Student 61,Female,First Taker,50,60,,,,,,,,,,50,64,,,,,,,,,,50,64,,,,,,,,,,57,64,55,57,3,1.5,2,9.899494937,2,1
Student 62,Female,Repeater,41,41,,,,,,,,,,58,41,,,,,,,,,,58,41,,,,,,,,,,49.5,58,41,49.5,3,1.5,8.5,12.02081528,2,0
Student 63,Female,Repeater,58,63,66,50,52,48,66,62,63,68,65,72,80,44,50,52,36,64,62,63,68,65,76,80,87,50,52,48,66,62,63,68,65,65.18181818,87,60.09090909,59.63636364,20,1.818181818,-0.4545454545,12.39207958,11,1
Student 64,Male,First Taker,51,89,91,,,,,,,,,51,89,91,,,,,,,,,51,89,91,,,,,,,,,77,91,77,77,3,1,0,22.53885534,3,0
Student 65,Male,Repeater,65,,87,,61,67,,,,,,65,,87,,93,67,,,,,,65,,87,,93,67,,,,,,78,93,70,78,5,1.25,8,14.09491634,4,1
Student 66,Female,Repeater,41,,,,,,,,,,,41,,,,,,,,,,,41,,,,,,,,,,,41,41,41,41,1,1,0,0,1,0
Student 67,Male,First Taker,,73,86,,81,47,70,,69,58,,,73,86,,81,69,90,,85,75,,,73,86,,81,69,90,,85,75,,79.85714286,90,69.14285714,79.85714286,11,1.571428571,10.71428571,7.712080814,7,1
Student 68,Female,First Taker,54,49,55,56,46,49,,,,,,54,49,55,56,46,49,,,,,,54,49,55,56,46,49,,,,,,51.5,56,51.5,51.5,6,1,0,4.037325848,6,1
Student 69,Female,First Taker,52,72,88,76,81,,87,,,,,52,72,88,76,81,,87,,,,,52,72,88,76,81,,87,,,,,76,88,76,76,6,1,0,13.28156617,6,0
Student 70,Female,Repeater,35,53,64,52,51,49,56,56,68,66,,35,53,74,52,51,49,56,56,68,66,,35,53,74,52,51,49,56,56,68,66,,56,74,55,56,11,1.1,1,11.09554465,10,1
Student 71,Female,Repeater,38,36,50,,34,38,66,,62,,,71,36,50,,34,38,86,,88,,,86,36,50,,34,38,87,,88,,,59.85714286,88,46.28571429,57.57142857,14,2,11.28571429,25.89999081,7,1
Student 72,Female,Repeater,44,,,,,,,,,,,41,,,,,,,,,,,44,,,,,,,,,,,44,44,44,41,2,2,-3,0,1,0
Student 73,Female,Repeater,40,46,,,,,,,,,,40,46,,,,,,,,,,40,46,,,,,,,,,,43,46,43,43,2,1,0,4.242640687,2,1
Student 74,Female,Repeater,29,,,,25,,,,,,,29,,,,25,,,,,,,29,,,,25,,,,,,,27,29,27,27,2,1,0,2.828427125,2,0
Student 75,Male,Repeater,39,33,60,34,32,46,50,64,68,63,41,49,59,60,55,32,43,48,64,68,63,52,91,59,60,55,32,46,50,64,68,63,53,58.27272727,91,48.18181818,53.90909091,23,2.090909091,5.727272727,14.73832358,11,0
Student 76,Female,First Taker,33,34,,50,,,55,,,51,,90,34,,50,,,55,,,51,,98,34,,50,,,55,,,51,,57.6,98,44.6,56,9,1.8,11.4,23.96455716,5,1
Student 77,Male,First Taker,48,58,,,,,,,,,,54,56,,,,,,,,,,54,89,,,,,,,,,,71.5,89,53,55,5,2.5,2,24.74873734,2,0
Student 78,Female,Repeater,50,,,,,,,85,,86,,50,,,,,,,85,,86,,50,,,,,,,85,,86,,73.66666667,86,73.66666667,73.66666667,3,1,0,20.50203242,3,0
Student 79,Female,Repeater,38,44,49,39,45,40,42,51,69,57,,38,44,77,46,45,40,93,51,69,57,,38,44,77,46,45,40,93,51,69,57,,56,93,47.4,56,13,1.3,8.6,18.10463415,10,1
Student 80,Female,First Taker,64,57,72,,,,,,,,,96,57,72,,,,,,,,,96,57,72,,,,,,,,,75,96,64.33333333,75,4,1.333333333,10.66666667,19.67231557,3,1
Student 81,Female,First Taker,,52,,,,,,,,,,,52,,,,,,,,,,,52,,,,,,,,,,52,52,52,52,1,1,0,0,1,1
Student 82,Female,Repeater,61,,,,,,,,,,,62,,,,,,,,,,,62,,,,,,,,,,,62,62,61,62,2,2,1,0,1,1
Student 83,Male,First Taker,33,68,73,46,60,50,87,74,,,,33,65,81,80,63,50,87,74,,,,33,68,81,80,63,50,87,74,,,,67,87,61.375,66.625,13,1.625,5.25,18.03171809,8,1
Student 84,Male,Repeater,43,,,,,,,,,,,43,,,,,,,,,,,43,,,,,,,,,,,43,43,43,43,1,1,0,0,1,0
Student 85,Female,First Taker,66,53,66,,,,,,,,,66,53,66,,,,,,,,,66,53,66,,,,,,,,,61.66666667,66,61.66666667,61.66666667,3,1,0,7.505553499,3,1
Student 86,Male,First Taker,,,87,,,,,,,,,,,87,,,,,,,,,,,87,,,,,,,,,87,87,87,87,1,1,0,0,1,1
Student 87,Male,First Taker,45,45,,,,,,,,,,45,45,,,,,,,,,,45,45,,,,,,,,,,45,45,45,45,2,1,0,0,2,0
Student 88,Male,First Taker,39,60,59,42,51,,,,,68,,39,61,58,52,51,,,,,68,,39,61,59,52,51,,,,,68,,55,68,53.16666667,54.83333333,10,1.666666667,1.666666667,10.01998004,6,1
Student 89,Male,First Taker,48,54,77,58,68,54,74,71,71,,64,48,31,74,58,68,54,81,71,71,,64,48,61,77,58,68,54,81,71,71,,64,65.3,81,63.9,62,15,1.5,-1.9,10.30695558,10,1
Student 90,Male,First Taker,55,76,78,55,66,58,84,86,92,92,92,55,83,95,94,84,87,96,66,74,92,92,55,83,95,94,84,92,96,86,92,92,92,87.36363636,96,75.81818182,83.45454545,29,2.636363636,7.636363636,11.58682638,11,1
Student 91,Male,First Taker,37,,,,,,,,,,,37,,,,,,,,,,,37,,,,,,,,,,,37,37,37,37,1,1,0,0,1,0
Student 92,Male,First Taker,82,64,88,89,80,97,85,69,99,92,96,100,99,88,89,80,97,85,69,99,92,96,100,99,88,89,80,97,85,69,99,92,96,90.36363636,100,85.54545455,90.36363636,20,1.818181818,4.818181818,9.594506004,11,1
Student 93,Female,First Taker,39,36,58,,31,,,64,69,,,40,72,73,,31,,,64,69,,,40,72,73,,31,,,64,69,,,58.16666667,73,49.5,58.16666667,10,1.666666667,8.666666667,18.0600849,6,1
Student 94,Female,Repeater,39,37,43,26,24,26,57,32,36,42,91,97,51,43,28,24,26,57,32,36,42,91,97,51,43,28,24,26,57,32,36,42,91,47.90909091,97,41.18181818,47.90909091,15,1.363636364,6.727272727,25.02180867,11,1
Student 95,Female,First Taker,,46,68,53,51,54,60,66,,,,,60,75,53,54,54,96,66,,,,,68,75,53,54,54,96,66,,,,66.57142857,96,56.85714286,65.42857143,13,1.857142857,8.571428571,15.49039641,7,1
Student 96,Female,Repeater,26,32,55,49,40,34,61,,72,60,,93,32,55,49,40,34,61,,72,60,,93,32,55,49,40,34,61,,72,60,,55.11111111,93,47.66666667,55.11111111,12,1.333333333,7.444444444,19.44507935,9,0
Student 97,Female,Repeater,54,58,83,,,,51,76,68,79,,54,60,83,,,,51,76,68,79,,54,60,83,,,,51,76,68,79,,67.28571429,83,67,67.28571429,8,1.142857143,0.2857142857,12.61895777,7,1
Student 98,,Repeater,45,,,,,,,,,,,45,,,,,,,,,,,45,,,,,,,,,,,45,45,45,45,1,1,0,0,1,0
Student 99,Female,First Taker,42,55,60,55,45,40,56,61,61,64,,42,79,60,55,45,40,56,65,72,71,,42,79,60,55,45,40,56,65,72,71,,58.5,79,53.9,58.5,15,1.5,4.6,13.41019513,10,1
Student 100,Female,First Taker,25,77,72,60,61,,65,76,,,91,27,77,71,69,61,,65,76,,,91,29,77,72,74,61,,65,76,,,91,68.125,91,65.875,67.125,13,1.625,1.25,18.14573937,8,1
Student 101,Female,Repeater,45,,,,,,,,,,,31,,,,,,,,,,,45,,,,,,,,,,,45,45,45,31,3,3,-14,0,1,1
Student 102,Female,Repeater,72,59,84,88,84,79,81,85,84,80,77,86,79,84,88,84,79,81,85,84,80,77,86,79,84,88,84,79,81,85,84,80,77,82.45454545,88,79.36363636,82.45454545,13,1.181818182,3.090909091,3.44568241,11,1
Student 103,Female,First Taker,,53,71,,,,68,68,75,72,,,55,71,,,,68,68,75,72,,,55,71,,,,68,68,75,72,,68.16666667,75,67.83333333,68.16666667,7,1.166666667,0.3333333333,6.968978883,6,1
Student 104,Female,Repeater,35,36,48,44,35,35,39,30,28,,39,66,36,40,37,35,35,37,30,58,,36,66,36,48,44,35,35,39,30,61,,39,43.3,66,36.9,41,19,1.9,4.1,11.8138337,10,0
Student 105,Female,First Taker,58,,,,,,,,,,,97,,,,,,,,,,,97,,,,,,,,,,,97,97,58,97,2,2,39,0,1,1
Student 106,Female,First Taker,47,50,68,52,49,,81,,,,,47,96,68,52,49,,81,,,,,47,96,68,52,49,,81,,,,,65.5,96,57.83333333,65.5,8,1.333333333,7.666666667,19.86705816,6,1
Student 107,Female,First Taker,44,39,52,,46,,,,,,51,44,39,58,,46,,,,,,51,44,39,58,,46,,,,,,51,47.6,58,46.4,47.6,7,1.4,1.2,7.231873893,5,1
Student 108,Female,Repeater,42,54,65,53,40,52,60,50,66,59,,42,54,64,53,40,52,60,50,66,59,,42,54,65,53,40,52,60,50,66,59,,54.1,66,54.1,54,11,1.1,-0.1,8.736259052,10,1
Student 109,Female,Repeater,45,66,71,60,65,49,,,74,68,,45,66,78,60,65,70,,,74,68,,45,66,78,60,65,70,,,74,68,,65.75,78,62.25,65.75,10,1.25,3.5,10.03920885,8,1
Student 110,Female,Repeater,44,46,67,40,62,47,53,68,59,56,51,97,94,79,45,71,47,94,68,59,56,100,97,94,94,45,73,47,94,68,59,56,100,75.18181818,100,53.90909091,73.63636364,32,2.909090909,19.72727273,21.32049803,11,1
Student 111,Male,Repeater,48,54,65,,59,,,,,,,48,54,65,,59,,,,,,,48,54,65,,59,,,,,,,56.5,65,56.5,56.5,4,1,0,7.234178138,4,0
Student 112,Female,First Taker,62,62,58,62,56,52,67,56,63,72,,63,62,58,62,56,52,67,56,63,72,,63,62,58,62,56,52,67,56,63,72,,61.1,72,61,61.1,11,1.1,0.1,5.839520528,10,1
Student 113,,First Taker,49,58,63,72,,45,76,,,,,61,80,92,72,,99,76,,,,,61,98,99,72,,99,76,,,,,84.16666667,99,60.5,80,12,2,19.5,16.63029364,6,1
Student 114,Female,Repeater,48,69,84,65,73,67,73,78,87,82,77,48,69,84,65,73,67,73,78,87,82,77,48,69,84,65,73,67,73,78,87,82,77,73,87,73,73,12,1.090909091,0,10.86278049,11,1
Student 115,Female,First Taker,47,60,,,,,,,,,,47,60,,,,,,,,,,47,60,,,,,,,,,,53.5,60,53.5,53.5,2,1,0,9.192388155,2,1
Student 116,Female,First Taker,49,52,65,66,54,55,81,70,74,70,,49,52,65,66,54,55,81,70,87,70,,49,52,65,66,54,55,81,70,87,70,,64.9,87,63.6,64.9,11,1.1,1.3,12.63548794,10,1
Student 117,Female,First Taker,41,64,79,,,,,,,,,41,83,79,,,,,,,,,41,83,79,,,,,,,,,67.66666667,83,61.33333333,67.66666667,4,1.333333333,6.333333333,23.18045153,3,0
Student 118,Female,Repeater,43,40,,,,,,,,,,43,40,,,,,,,,,,43,40,,,,,,,,,,41.5,43,41.5,41.5,2,1,0,2.121320344,2,1
Student 119,Female,First Taker,33,50,64,58,49,49,63,72,69,,67,33,54,79,58,63,49,63,72,69,,67,33,54,79,58,63,49,63,72,69,,67,60.7,79,57.4,60.7,13,1.3,3.3,13.07287268,10,1
Student 120,Female,First Taker,56,83,91,79,78,72,76,84,96,88,83,56,83,91,79,78,72,76,84,96,88,83,56,83,91,79,78,72,76,84,96,88,83,80.54545455,96,80.54545455,80.54545455,11,1,0,10.64296609,11,1
Student 121,Female,First Taker,50,,,75,,60,,84,,76,,50,,,75,,60,,84,,76,,50,,,75,,60,,84,,76,,69,84,69,69,5,1,0,13.7113092,5,0
Student 122,Female,First Taker,34,64,70,60,59,51,83,67,69,76,78,34,64,70,60,59,51,83,67,69,76,78,34,64,70,60,59,51,83,67,69,76,78,64.63636364,83,64.63636364,64.63636364,11,1,0,13.69870598,11,1
Student 123,Female,Repeater,53,,,,,,,,,,,55,,,,,,,,,,,55,,,,,,,,,,,55,55,53,55,2,2,2,0,1,1
Student 124,Male,First Taker,37,49,57,,,,,,,,,80,49,57,,,,,,,,,80,49,57,,,,,,,,,62,80,47.66666667,62,5,1.666666667,14.33333333,16.09347694,3,0
Student 125,Male,First Taker,37,61,74,64,79,60,73,81,81,80,90,37,71,88,79,71,64,83,81,80,80,90,37,94,98,98,79,64,83,81,81,80,90,80.45454545,98,70.90909091,74.90909091,21,1.909090909,4,17.48921746,11,1
Student 126,Male,Repeater,31,,,,,,,,,,,31,,,,,,,,,,,31,,,,,,,,,,,31,31,31,31,1,1,0,0,1,0
Student 127,Female,First Taker,48,,,,,,,,,,,48,,,,,,,,,,,48,,,,,,,,,,,48,48,48,48,1,1,0,0,1,0
Student 128,Female,First Taker,85,88,,60,,84,65,,,84,82,51,100,,60,,84,99,,,94,74,100,100,,60,,84,100,,,94,100,91.14285714,100,78.28571429,80.28571429,26,3.714285714,2,14.96026483,7,1
Student 129,Female,Repeater,68,76,88,63,,,90,82,88,87,,68,87,87,63,,,90,82,88,87,,68,87,88,63,,,90,82,88,87,,81.625,90,80.25,81.5,10,1.25,1.25,10.29476288,8,1
Student 130,Male,,,57,,,,,,,,,,,57,,,,,,,,,,,57,,,,,,,,,,57,57,57,57,1,1,0,0,1,0
Student 131,Male,Repeater,56,81,85,91,87,91,90,93,94,94,85,85,81,85,91,87,91,85,93,94,94,85,100,81,85,91,87,91,90,93,94,94,85,90.09090909,100,86.09090909,88.27272727,14,1.272727273,2.181818182,5.318919918,11,1
Student 132,Female,,89,,,,,,,,,,,89,,,,,,,,,,,89,,,,,,,,,,,89,89,89,89,1,1,0,0,1,1
Student 133,,First Taker,37,30,58,,34,46,62,,,56,50,37,57,64,,34,49,62,,,68,50,37,57,65,,34,49,62,,,68,50,52.75,68,46.625,52.625,15,1.875,6,12.57832603,8,1
Student 134,Male,First Taker,60,61,76,77,61,50,66,77,83,72,62,71,92,93,87,93,73,95,96,91,90,62,71,100,93,87,93,86,95,96,91,90,62,87.63636364,100,67.72727273,85.72727273,45,4.090909091,18,11.35141161,11,1
Student 135,Female,Repeater,46,50,55,59,53,52,74,65,72,71,,39,50,55,59,53,52,74,65,72,71,,46,50,55,59,53,52,74,65,72,71,,59.7,74,59.7,59,11,1.1,-0.7,10.11105006,10,1
Student 136,Male,Repeater,41,54,39,24,26,32,25,27,15,21,65,24,56,76,24,26,53,25,27,15,21,33,65,92,76,24,26,53,25,27,15,21,65,44.45454545,92,33.54545455,34.54545455,25,2.272727273,1,26.51928972,11,1
Student 137,Male,Repeater,48,60,61,,,,61,,,,50,48,69,61,,,,99,,,,98,48,69,61,,,,99,,,,98,75,99,56,75,8,1.6,19,22.72663635,5,0
Student 138,Female,Repeater,38,50,53,45,43,47,55,47,71,59,,62,64,62,50,51,39,55,47,71,64,,62,64,62,50,51,47,55,47,71,64,,57.3,71,50.8,56.5,17,1.7,5.7,8.380532998,10,1
Student 139,Female,Repeater,33,,,,,,,,,,,33,,,,,,,,,,,33,,,,,,,,,,,33,33,33,33,1,1,0,0,1,0
Student 140,Male,Repeater,,40,,,,,,,,,,,40,,,,,,,,,,,40,,,,,,,,,,40,40,40,40,1,1,0,0,1,0
Student 141,Male,First Taker,,68,54,,,,,,,,,,66,85,,,,,,,,,,68,85,,,,,,,,,76.5,85,61,75.5,5,2.5,14.5,12.02081528,2,1
Student 142,Female,First Taker,38,,,,,,,,,,,38,,,,,,,,,,,38,,,,,,,,,,,38,38,38,38,1,1,0,0,1,1
Student 143,Female,Repeater,42,34,,,,,,27,36,47,,42,34,,,,,,27,36,47,,42,34,,,,,,27,36,47,,37.2,47,37.2,37.2,5,1,0,7.661592524,5,0
Student 144,Female,Repeater,52,,,,,40,,,,,,44,,,,,40,,,,,,52,,,,,40,,,,,,46,52,46,42,3,1.5,-4,8.485281374,2,1
Student 145,Female,Repeater,33,58,73,46,45,52,59,60,69,,69,33,60,73,46,45,52,59,60,69,,69,33,60,73,46,45,52,59,60,69,,69,56.6,73,56.4,56.6,12,1.2,0.2,12.60687643,10,1
Student 146,Female,Repeater,48,63,55,59,53,55,63,72,71,67,63,48,79,70,86,68,55,81,75,71,67,63,48,80,92,86,80,55,81,75,71,67,63,72.54545455,92,60.81818182,69.36363636,23,2.090909091,8.545454545,13.35188104,11,1
Student 147,Female,Repeater,43,44,52,82,26,,,,,,,96,44,52,84,26,,,,,,,96,44,52,84,26,,,,,,,60.4,96,49.4,60.4,7,1.4,11,28.92749557,5,0
Student 148,Male,First Taker,,32,31,29,32,28,37,26,,34,,,32,31,32,28,28,23,29,,34,,,32,31,32,32,28,37,29,,34,,31.875,37,31.125,29.625,13,1.625,-1.5,2.799872446,8,1
Student 149,Female,First Taker,38,,,55,42,,,,59,95,,38,,,55,42,,,,59,95,,38,,,55,42,,,,59,95,,57.8,95,57.8,57.8,5,1,0,22.55437873,5,1
Student 150,Female,Repeater,46,37,51,53,54,42,63,60,64,49,66,95,47,92,61,63,42,72,60,64,49,84,95,47,92,61,63,42,72,60,64,49,84,66.27272727,95,53.18181818,66.27272727,21,1.909090909,13.09090909,17.82184563,11,1
Student 151,Male,First Taker,35,54,63,53,49,50,61,64,72,74,,35,54,63,53,49,50,98,64,72,74,,35,54,63,53,49,50,98,64,72,74,,61.2,98,57.5,61.2,11,1.1,3.7,17.4024264,10,1
Student 152,Male,First Taker,45,64,74,,41,,61,67,,,61,45,59,74,,41,,61,67,,,61,45,64,74,,41,,61,67,,,61,59,74,59,58.28571429,8,1.142857143,-0.7142857143,11.8462371,7,1
Student 153,Female,First Taker,,44,,62,60,72,,,,,,,44,,62,60,72,,,,,,,44,,62,60,72,,,,,,59.5,72,59.5,59.5,4,1,0,11.59022577,4,1
Student 154,Male,First Taker,47,66,70,78,57,45,66,79,80,63,71,47,66,70,78,66,61,66,79,80,63,71,47,66,70,78,66,61,66,79,80,63,71,67.90909091,80,65.63636364,67.90909091,13,1.181818182,2.272727273,9.512670976,11,1
Student 155,Male,First Taker,51,57,75,65,71,65,82,80,,77,,51,63,83,77,71,65,82,80,,77,,51,63,83,77,71,65,82,80,,77,,72.11111111,83,69.22222222,72.11111111,12,1.333333333,2.888888889,10.6471175,9,1
Student 156,Female,Repeater,75,,,,,,,,,,,75,,,,,,,,,,,75,,,,,,,,,,,75,75,75,75,1,1,0,0,1,0
Student 157,Female,First Taker,70,65,81,80,65,63,88,75,77,71,85,98,98,86,77,67,63,92,77,77,71,85,98,98,86,80,67,63,93,77,77,71,85,81.36363636,98,74.54545455,81,24,2.181818182,6.454545455,11.8934665,11,1
Student 158,Male,Repeater,43,46,65,62,39,55,69,79,68,59,,85,78,85,80,87,83,89,85,67,67,,85,96,88,80,87,83,89,85,73,67,,83.3,96,58.5,80.6,52,5.2,22.1,8.287205668,10,1
Student 159,Female,Repeater,34,43,53,67,58,60,67,70,,,,50,74,90,67,58,60,67,70,,,,50,74,90,67,58,60,67,70,,,,67,90,56.5,67,11,1.375,10.5,11.98808933,8,1
Student 160,Female,First Taker,67,58,66,68,60,54,75,68,76,66,60,67,83,78,68,64,50,79,73,78,97,60,67,84,82,68,64,58,79,73,78,97,60,73.63636364,97,65.27272727,72.45454545,26,2.363636364,7.181818182,11.70702975,11,1
Student 161,Female,Repeater,43,46,59,62,49,43,59,72,62,66,54,78,58,50,95,80,43,52,72,62,66,74,78,92,99,95,80,43,59,72,62,66,74,74.54545455,99,55.90909091,66.36363636,26,2.363636364,10.45454545,16.84258672,11,1
Student 162,Female,Repeater,46,46,51,,,38,,,56,54,62,85,70,73,,,38,,,56,54,62,85,70,73,,,38,,,56,54,62,62.57142857,85,50.42857143,62.57142857,12,1.714285714,12.14285714,15.20808056,7,0
Student 163,Female,First Taker,37,,,,,,,,,,,37,,,,,,,,,,,37,,,,,,,,,,,37,37,37,37,1,1,0,0,1,0
Student 164,Female,Repeater,89,,,,,,78,,,,,90,,,,,,78,,,,,90,,,,,,78,,,,,84,90,83.5,84,3,1.5,0.5,8.485281374,2,0
Student 165,Female,First Taker,36,44,54,75,61,67,,,,,,98,96,96,75,61,67,,,,,,98,96,96,75,61,67,,,,,,82.16666667,98,56.16666667,82.16666667,18,3,26,16.50959317,6,0
Student 166,Female,Repeater,51,41,50,36,42,41,61,49,58,,64,89,41,50,36,42,41,61,49,66,,64,89,41,50,36,42,41,61,49,66,,64,53.9,89,49.3,53.9,13,1.3,4.6,16.21007917,10,0
Student 167,Female,Repeater,40,37,,,,,,,,,,66,37,,,,,,,,,,66,37,,,,,,,,,,51.5,66,38.5,51.5,3,1.5,13,20.50609665,2,0
Student 168,Female,First Taker,33,,,,,,,,,,,33,,,,,,,,,,,33,,,,,,,,,,,33,33,33,33,1,1,0,0,1,0
Student 169,Female,First Taker,52,58,76,65,65,67,70,78,84,68,80,52,58,76,65,65,67,70,78,84,68,80,52,58,76,65,65,67,70,78,84,68,80,69.36363636,84,69.36363636,69.36363636,12,1.090909091,0,9.60492298,11,1
Student 170,Female,Repeater,40,58,74,,,,58,,,,47,40,77,74,,,,58,,,,47,40,77,74,,,,58,,,,47,59.2,77,55.4,59.2,7,1.4,3.8,16.23884232,5,1
Student 171,Male,First Taker,39,64,75,,,58,,74,80,72,65,39,64,75,,,58,,74,80,72,65,39,64,75,,,58,,74,80,72,65,65.875,80,65.875,65.875,8,1,0,12.95528023,8,1
Student 172,Male,First Taker,,66,69,51,64,,,81,77,,,,90,69,51,67,,,87,77,,,,90,69,51,77,,,87,77,,,75.16666667,90,68,73.5,10,1.666666667,5.5,14.0629537,6,1
Student 173,Male,Repeater,69,52,,,,,,,,,,69,59,,,,,,,,,,69,59,,,,,,,,,,64,69,60.5,64,4,2,3.5,7.071067812,2,1
Student 174,Male,First Taker,60,77,79,,,,89,75,,,77,84,88,79,,,,89,77,,,77,84,88,79,,,,89,77,,,77,82.33333333,89,76.16666667,82.33333333,9,1.5,6.166666667,5.428320796,6,1
Student 175,,Repeater,34,37,,,,,,,,,,34,37,,,,,,,,,,34,37,,,,,,,,,,35.5,37,35.5,35.5,2,1,0,2.121320344,2,0
Student 176,Male,Repeater,38,47,62,59,58,51,73,73,69,70,62,38,61,70,59,63,52,73,71,69,77,62,38,61,70,59,63,52,73,73,69,77,62,63.36363636,77,60.18181818,63.18181818,18,1.636363636,3,11.16488,11,1
Student 177,Female,First Taker,43,51,60,56,46,43,68,,68,,68,27,74,66,56,55,43,83,,95,,68,43,96,66,56,55,43,93,,95,,68,68.33333333,96,55.88888889,63,22,2.444444444,7.111111111,21.51743479,9,1
Student 178,Male,First Taker,26,39,67,58,53,,62,,71,,,26,60,67,58,53,,64,,71,,,26,60,67,58,53,,64,,71,,,57,71,53.71428571,57,9,1.285714286,3.285714286,14.89966443,7,1
Student 179,Male,First Taker,53,,,25,,,,27,31,17,,53,,,26,,,,32,31,17,,53,,,26,,,,32,31,17,,31.8,53,30.6,31.8,7,1.4,1.2,13.25518766,5,1
Student 180,Female,First Taker,51,62,77,72,71,61,86,80,77,77,86,51,69,77,72,71,61,86,80,77,77,86,51,90,77,72,71,61,86,80,77,77,86,75.27272727,90,72.72727273,73.36363636,13,1.181818182,0.6363636364,11.40255155,11,1
Student 181,Female,First Taker,41,55,76,69,57,60,71,74,67,70,,66,76,81,70,74,65,85,72,82,79,,66,91,81,70,74,65,85,74,98,79,,78.3,98,64,75,25,2.5,11,10.72950242,10,1
Student 182,Female,First Taker,62,56,71,85,66,65,73,83,81,,86,80,99,98,85,82,54,75,83,81,,86,80,99,98,85,82,65,75,83,81,,86,83.4,99,72.8,82.3,29,2.9,9.5,9.968840343,10,1
Student 183,Female,First Taker,53,55,62,66,64,44,64,66,68,60,,61,67,82,84,89,95,88,75,74,45,,61,67,96,95,89,95,90,79,74,60,,80.6,96,60.2,76,36,3.6,15.8,14.33875866,10,1
Student 184,Female,First Taker,28,79,79,80,71,58,91,74,80,75,86,76,79,79,80,78,67,91,74,80,75,86,76,79,79,80,78,67,91,74,80,75,86,78.63636364,91,72.81818182,78.63636364,15,1.363636364,5.818181818,6.233341436,11,1
Student 185,Female,Repeater,42,52,,,,,,54,,76,,74,52,,,,,,54,,76,,74,52,,,,,,54,,76,,64,76,56,64,5,1.25,8,12.75408431,4,1
Student 186,Female,First Taker,45,39,53,42,,46,49,53,62,65,,49,49,53,42,,46,49,53,62,65,,49,49,53,42,,46,49,53,62,65,,52,65,50.44444444,52,12,1.333333333,1.555555556,7.365459931,9,1
Student 187,Female,First Taker,46,45,53,51,51,50,60,58,64,71,62,46,60,76,68,87,57,72,66,85,87,62,46,60,76,68,87,57,72,66,85,87,62,69.63636364,87,55.54545455,69.63636364,22,2,14.09090909,13.30618448,11,1
Student 188,Female,First Taker,51,68,76,64,64,57,85,69,72,73,81,79,68,76,76,64,64,88,69,72,73,81,79,68,76,76,64,64,88,69,72,73,81,73.63636364,88,69.09090909,73.63636364,16,1.454545455,4.545454545,7.36576849,11,1
Student 189,Female,First Taker,29,49,55,46,52,48,47,58,70,65,,29,49,60,52,60,51,66,67,70,65,,29,49,60,52,60,62,66,67,70,65,,58,70,51.9,56.9,19,1.9,5,12.11060142,10,1
Student 190,Female,Repeater,48,46,65,,,,55,53,,,,80,46,65,,,,55,53,,,,80,46,65,,,,55,53,,,,59.8,80,53.4,59.8,6,1.2,6.4,13.17952958,5,0
Student 191,Female,Repeater,35,40,66,38,36,48,44,55,68,51,,86,52,56,59,36,48,44,62,69,51,,86,52,66,59,36,48,44,62,69,51,,57.3,86,48.1,56.3,18,1.8,8.2,14.32208861,10,1
Student 192,Female,Repeater,63,54,72,45,49,65,76,76,66,78,,39,48,66,45,54,45,59,51,66,78,,98,77,72,45,54,65,76,76,66,78,,70.7,98,64.4,55.1,22,2.2,-9.3,14.49176011,10,1
Student 193,Female,Repeater,48,52,57,65,51,47,62,69,66,69,75,99,70,71,66,60,61,82,76,66,69,75,99,94,97,97,96,86,98,76,66,69,75,86.63636364,99,60.09090909,72.27272727,26,2.363636364,12.18181818,12.74576579,11,1
Student 194,Male,Repeater,46,50,67,43,57,53,53,68,64,63,,45,57,67,61,57,53,53,67,64,63,,46,57,67,61,57,53,53,68,64,63,,58.9,68,56.4,58.7,16,1.6,2.3,6.983313445,10,1
Student 195,Female,Repeater,31,48,51,40,44,40,63,55,69,54,62,80,80,83,77,44,74,90,73,87,75,65,87,80,83,77,44,74,90,73,87,75,65,75.90909091,90,50.63636364,75.27272727,23,2.090909091,24.63636364,12.89538325,11,1
Student 196,Female,Repeater,34,54,66,61,57,55,49,64,74,69,,81,54,66,61,57,55,49,88,74,69,,81,54,66,61,57,55,49,88,74,69,,65.4,88,58.3,65.4,13,1.3,7.1,12.6420814,10,1
Student 197,Female,First Taker,57,66,74,59,59,67,72,76,69,70,,83,78,89,65,64,71,76,84,71,79,,83,93,89,76,80,71,76,84,78,79,,80.9,93,66.9,76,37,3.7,9.1,6.539622823,10,1
Student 198,Male,First Taker,53,62,81,63,60,67,78,76,80,75,83,29,62,81,63,60,67,78,76,80,75,83,53,62,81,63,60,67,78,76,80,75,83,70.72727273,83,70.72727273,68.54545455,12,1.090909091,-2.181818182,10.10040503,11,1
Student 199,Female,First Taker,53,68,75,65,72,57,77,79,77,72,88,81,93,75,84,72,57,77,79,99,72,100,81,93,75,84,72,57,77,79,99,72,100,80.81818182,100,71.18181818,80.81818182,17,1.545454545,9.636363636,12.77355222,11,1
Student 200,Female,First Taker,40,18,28,32,29,31,24,20,46,29,29,27,99,28,32,29,31,89,20,46,29,29,40,99,28,32,29,31,100,20,46,29,29,43.90909091,100,29.63636364,41.72727273,16,1.454545455,12.09090909,28.28587826,11,1
Student 201,Female,First Taker,71,48,56,54,51,44,52,86,72,71,,71,71,83,54,66,64,52,60,72,71,,71,94,83,54,66,64,52,86,72,71,,71.3,94,60.5,66.4,16,1.6,5.9,13.42510087,10,1
Student 202,Female,First Taker,29,78,47,66,34,39,46,52,59,59,,29,78,47,66,34,39,46,50,59,59,,29,78,47,66,34,39,46,52,59,59,,50.9,78,50.9,50.7,11,1.1,-0.2,15.05877374,10,1
Student 203,Female,First Taker,46,59,68,68,75,54,73,,75,,74,100,100,100,100,99,100,100,,75,,74,100,100,100,100,99,100,100,,75,,74,94.22222222,100,65.77777778,94.22222222,20,2.222222222,28.44444444,11.18903233,9,1
Student 204,Female,First Taker,51,68,66,66,47,65,85,72,81,77,88,96,87,87,84,72,99,94,80,89,77,88,96,93,87,84,72,99,98,80,89,77,88,87.54545455,99,69.63636364,86.63636364,24,2.181818182,17,8.756296436,11,1
Student 205,Female,First Taker,55,59,61,55,47,,68,,,,,55,88,100,55,47,,68,,,,,55,88,100,55,47,,68,,,,,68.83333333,100,57.5,68.83333333,8,1.333333333,11.33333333,20.97061436,6,0
Student 206,Female,First Taker,43,33,85,67,69,50,74,73,77,76,77,68,72,84,67,65,73,86,80,81,76,77,68,72,85,67,69,73,86,80,81,76,77,75.81818182,86,65.81818182,75.36363636,21,1.909090909,9.545454545,6.645572689,11,1
Student 207,Female,Repeater,50,47,68,61,57,43,57,63,65,,,50,47,68,61,57,43,57,63,65,,,50,47,68,61,57,43,57,63,65,,,56.77777778,68,56.77777778,56.77777778,9,1,0,8.526103708,9,1
Student 208,Female,First Taker,52,62,68,58,,,,,,73,,98,71,68,58,,,,,,73,,98,90,68,58,,,,,,73,,77.4,98,62.6,73.6,10,2,11,16.33401359,5,1
Student 209,Female,First Taker,44,51,72,65,62,51,,,79,,,44,51,72,65,62,51,,,79,,,44,51,72,65,62,51,,,79,,,60.57142857,79,60.57142857,60.57142857,7,1,0,12.58116506,7,1
Student 210,Female,Repeater,35,,51,,,,,,,,,35,,55,,,,,,,,,35,,55,,,,,,,,,45,55,43,45,3,1.5,2,14.14213562,2,1
Student 211,Female,First Taker,65,,,,,,,,,,,65,,,,,,,,,,,65,,,,,,,,,,,65,65,65,65,1,1,0,0,1,0
Student 212,Female,First Taker,34,42,53,51,47,34,67,62,68,65,,95,42,53,51,47,45,67,62,68,65,,95,42,53,51,47,45,67,62,68,65,,59.5,95,52.3,59.5,12,1.2,7.2,15.6790731,10,1
Student 213,Male,First Taker,35,53,73,54,58,,,,,,,35,53,73,54,58,,,,,,,35,53,73,54,58,,,,,,,54.6,73,54.6,54.6,5,1,0,13.57571361,5,1
Student 214,Female,First Taker,66,58,74,62,60,47,88,77,81,77,,54,69,80,66,70,72,89,79,80,76,,66,80,81,90,76,73,89,79,81,98,,81.3,98,69,73.5,35,3.5,4.5,9.141480551,10,1
Student 215,Female,Repeater,43,54,57,,,,,,,,,43,73,57,,,,,,,,,43,73,57,,,,,,,,,57.66666667,73,51.33333333,57.66666667,4,1.333333333,6.333333333,15.011107,3,0
Student 216,Female,Repeater,61,51,77,55,59,,,,,,,84,89,97,97,59,,,,,,,84,89,97,97,59,,,,,,,85.2,97,60.6,85.2,11,2.2,24.6,15.6588633,5,1
Student 217,Female,First Taker,64,66,87,77,67,68,75,80,82,82,88,64,79,92,86,70,73,92,93,93,82,88,64,79,92,86,70,73,92,93,93,82,88,82.90909091,93,76,82.90909091,19,1.727272727,6.909090909,10.21229206,11,1
Student 218,Female,Repeater,35,38,43,47,41,,,,,,,35,38,43,47,41,,,,,,,35,38,43,47,41,,,,,,,40.8,47,40.8,40.8,5,1,0,4.604345773,5,0
Student 219,Male,First Taker,48,68,79,53,60,58,72,64,66,64,,48,99,79,53,60,58,72,64,66,64,,48,99,79,53,60,58,72,64,66,64,,66.3,99,63.2,66.3,12,1.2,3.1,14.50708639,10,1
Student 220,Male,Repeater,34,49,59,49,47,39,52,59,65,62,,34,60,68,49,47,39,52,59,65,62,,34,62,68,49,47,39,52,59,65,62,,53.7,68,51.5,53.5,15,1.5,2,11.41198201,10,1
Student 221,Female,First Taker,39,62,62,60,61,48,65,69,72,60,79,69,66,68,62,68,48,79,69,72,60,79,92,66,68,62,68,48,79,69,72,60,79,69.36363636,92,61.54545455,67.27272727,22,2,5.727272727,11.48279345,11,1
Student 222,Male,Repeater,,56,,,,,,,,,,,56,,,,,,,,,,,56,,,,,,,,,,56,56,56,56,1,1,0,0,1,0
Student 223,,Repeater,42,41,,,,,,,,,,29,41,,,,,,,,,,42,41,,,,,,,,,,41.5,42,41.5,35,4,2,-6.5,0.7071067812,2,1
Student 224,Male,First Taker,,71,74,84,72,57,,,,,,,71,93,84,72,63,,,,,,,71,93,84,72,63,,,,,,76.6,93,71.6,76.6,7,1.4,5,11.8448301,5,1
Student 225,Male,First Taker,49,62,66,64,46,48,55,65,68,61,56,83,70,84,78,59,47,84,65,75,61,56,83,70,84,78,59,48,84,65,75,61,56,69.36363636,84,58.18181818,69.27272727,22,2,11.09090909,12.4601182,11,1
Student 226,Male,First Taker,,53,69,57,57,,81,,,69,,,60,69,57,52,,81,,,69,,,75,69,57,57,,81,,,69,,68,81,64.33333333,64.66666667,10,1.666666667,0.3333333333,9.612491873,6,1
Student 227,Male,Repeater,,59,71,52,30,31,83,30,28,29,,,97,71,32,89,87,83,26,100,84,,,97,71,92,89,87,83,30,100,84,,81.44444444,100,45.88888889,74.33333333,17,1.888888889,28.44444444,21.06603375,9,1
Student 228,Female,First Taker,48,67,83,60,81,80,77,88,90,78,91,52,87,94,92,93,80,93,88,90,94,91,52,87,94,92,93,80,93,88,90,94,91,86.72727273,94,76.63636364,86.72727273,19,1.727272727,10.09090909,12.22367301,11,1
Student 229,Male,Repeater,51,62,,,,,,,,,,51,62,,,,,,,,,,51,62,,,,,,,,,,56.5,62,56.5,56.5,2,1,0,7.778174593,2,0
Student 230,Female,Repeater,40,49,62,59,67,59,56,68,69,,,86,91,92,59,67,59,56,68,69,,,86,91,92,59,67,59,56,68,69,,,71.88888889,92,58.77777778,71.88888889,12,1.333333333,13.11111111,14.14606345,9,1
Student 231,Female,Repeater,45,52,70,53,65,58,54,74,66,75,96,77,83,80,89,65,80,86,81,91,84,94,90,83,93,89,65,80,100,81,96,84,96,87,100,64.36363636,82.72727273,38,3.454545455,18.36363636,9.869143833,11,0
Student 232,Female,First Taker,44,45,,,,,,,,,,44,45,,,,,,,,,,44,45,,,,,,,,,,44.5,45,44.5,44.5,3,1.5,0,0.7071067812,2,0
Student 233,Female,Repeater,42,50,59,51,61,57,60,52,63,57,62,46,50,59,44,61,96,60,52,63,57,99,46,50,59,51,61,96,60,52,63,57,99,63.09090909,99,55.81818182,62.45454545,15,1.363636364,6.636363636,17.81266148,11,0
Student 234,Female,First Taker,51,63,72,69,,,,,,,,51,93,72,69,,,,,,,,51,93,72,69,,,,,,,,71.25,93,63.75,71.25,5,1.25,7.5,17.21191448,4,0
Student 235,Male,Repeater,47,30,58,29,53,26,15,37,29,33,40,47,30,58,29,53,26,15,37,29,33,40,47,30,58,29,53,26,15,37,29,33,40,36.09090909,58,36.09090909,36.09090909,11,1,0,12.62897102,11,1
Student 236,Male,Repeater,23,45,23,17,30,24,17,27,25,23,64,45,45,23,17,30,24,17,27,25,23,64,45,45,23,17,30,24,17,27,25,23,64,30.90909091,64,28.90909091,30.90909091,12,1.090909091,2,14.50141059,11,1
Student 237,Female,Repeater,43,49,,,,,,,,,,54,61,,,,,,,,,,54,61,,,,,,,,,,57.5,61,46,57.5,4,2,11.5,4.949747468,2,1
Student 238,Female,First Taker,36,46,43,48,40,46,50,51,56,68,,88,55,52,54,63,60,66,68,56,98,,99,55,96,95,97,60,96,99,56,98,,85.1,99,48.4,66,27,2.7,17.6,19.4733436,10,1
Student 239,Female,Repeater,68,52,72,65,58,45,70,67,76,66,71,68,74,78,55,58,45,70,67,76,66,38,68,74,78,65,58,45,70,67,76,66,71,67.09090909,78,64.54545455,63.18181818,21,1.909090909,-1.363636364,9.202766383,11,0
Student 240,Male,First Taker,47,45,69,55,60,26,64,55,25,18,29,28,21,6,55,26,22,18,26,25,18,29,47,53,69,55,60,26,64,55,25,18,29,45.54545455,69,44.81818182,24.90909091,19,1.727272727,-19.90909091,17.81215111,11,0
Student 241,Female,Repeater,41,,,,,,,,,,,41,,,,,,,,,,,41,,,,,,,,,,,41,41,41,41,1,1,0,0,1,0
Student 242,Male,Repeater,40,48,86,49,69,57,63,61,68,72,59,91,52,67,49,62,63,81,81,68,72,59,91,52,86,49,70,73,81,97,68,72,59,72.54545455,97,61.09090909,67.72727273,23,2.090909091,6.636363636,15.42312314,11,0
Student 243,Female,First Taker,,48,59,,51,52,,,,,,,67,66,,51,52,,,,,,,67,74,,51,52,,,,,,61,74,52.5,59,9,2.25,6.5,11.34313302,4,0
Student 244,Female,First Taker,57,69,77,65,62,61,74,75,80,,,93,69,96,65,62,61,74,75,80,,,93,69,96,65,62,61,74,75,80,,,75,96,68.88888889,75,11,1.222222222,6.111111111,12.70826503,9,0
Student 245,Female,Repeater,44,51,54,60,42,35,75,48,54,58,,50,84,60,65,59,46,77,95,98,80,,50,84,60,65,59,86,77,95,98,80,,75.4,98,52.1,71.4,24,2.4,19.3,16.20836547,10,1
Student 246,Female,First Taker,48,72,91,56,,58,67,63,69,77,77,48,89,76,55,,58,73,64,77,71,77,48,99,91,56,,58,73,64,77,77,77,72,99,67.8,68.8,18,1.8,1,15.83947249,10,0
Student 247,Female,First Taker,51,60,79,62,,65,81,,76,,,51,60,79,62,,65,81,,76,,,51,60,79,62,,65,81,,76,,,67.71428571,81,67.71428571,67.71428571,8,1.142857143,0,11.19098276,7,1
Student 248,Female,Repeater,56,,55,,,,,,,,,88,,95,,,,,,,,,88,,95,,,,,,,,,91.5,95,55.5,91.5,4,2,36,4.949747468,2,1
Student 249,Female,First Taker,49,54,65,50,54,46,61,62,72,63,62,49,54,65,50,54,46,61,62,72,63,62,49,54,65,50,54,46,61,62,72,63,62,58,72,58,58,12,1.090909091,0,7.949842766,11,1
Student 250,Female,First Taker,47,63,83,83,89,87,85,68,88,83,,25,97,92,83,97,87,85,68,88,83,,47,97,92,83,97,87,85,68,88,83,,82.7,97,77.6,80.5,14,1.4,2.9,15.0484403,10,0
Student 251,Female,Repeater,35,58,77,53,50,44,63,59,64,71,,35,58,77,53,50,44,63,59,64,71,,35,58,77,53,50,44,63,59,64,71,,57.4,77,57.4,57.4,10,1,0,12.48287716,10,1
Student 252,Female,First Taker,39,42,54,41,,,54,,59,,,39,42,54,41,,,54,,59,,,39,42,54,41,,,54,,59,,,48.16666667,59,48.16666667,48.16666667,6,1,0,8.471520918,6,0
Student 253,Female,First Taker,57,63,78,,,,64,,,,,57,74,75,,,,64,,,,,57,74,78,,,,64,,,,,68.25,78,65.5,67.5,7,1.75,2,9.53502316,4,1
Student 254,Female,First Taker,,30,51,62,57,47,72,57,69,74,68,,82,61,54,54,52,74,78,66,74,68,,82,61,62,57,57,74,78,69,74,68,68.2,82,58.7,66.3,22,2.2,7.6,8.791409949,10,1
Student 255,Female,Repeater,37,43,48,51,44,42,56,51,62,55,50,99,90,91,89,83,76,99,94,96,92,99,99,90,91,89,83,76,99,94,96,92,99,91.63636364,99,49,91.63636364,27,2.454545455,42.63636364,7.187109673,11,0
Student 256,Female,Repeater,,54,,52,62,51,,52,66,,,,54,,73,80,73,,73,76,,,,80,,75,93,73,,73,76,,,78.33333333,93,56.16666667,71.5,16,2.666666667,15.33333333,7.633260553,6,0
Student 257,Female,First Taker,55,52,81,68,56,58,80,78,82,67,72,76,78,73,69,63,67,81,78,82,67,72,83,78,81,69,73,67,81,78,82,67,72,75.54545455,83,68.09090909,73.27272727,24,2.181818182,5.181818182,6.137811277,11,1
Student 258,Male,First Taker,51,52,70,62,44,49,53,,,70,,96,52,70,62,44,49,56,,,70,,96,52,70,62,44,49,56,,,70,,62.375,96,56.375,62.375,10,1.25,6,16.52649388,8,1
Student 259,Male,Repeater,38,61,,,,,,,,,,64,61,,,,,,,,,,64,61,,,,,,,,,,62.5,64,49.5,62.5,6,3,13,2.121320344,2,0
Student 260,Female,First Taker,45,66,80,57,55,61,69,77,85,79,,72,66,97,99,94,61,97,100,85,79,,83,66,97,99,94,61,97,100,85,79,,86.1,100,67.4,85,17,1.7,17.6,13.9638422,10,1
Student 261,Male,First Taker,40,47,64,78,77,53,77,54,,,59,40,80,67,78,77,53,77,75,,,59,40,80,67,78,77,53,77,75,,,59,67.33333333,80,61,67.33333333,13,1.444444444,6.333333333,13.88344338,9,1
Student 262,Female,First Taker,49,60,,,75,66,72,,,,,49,60,,,75,71,66,,,,,49,60,,,75,71,72,,,,,65.4,75,64.4,64.2,7,1.4,-0.2,10.78424777,5,1
Student 263,Female,First Taker,51,67,80,71,,59,74,70,81,70,71,51,60,80,71,,61,83,83,81,70,71,51,73,88,71,,78,83,83,81,70,71,74.9,88,69.4,71.1,21,2.1,1.7,10.42912588,10,1
Student 264,Female,First Taker,43,48,60,73,57,48,72,61,62,79,,43,61,61,60,60,48,75,66,76,79,,43,87,61,73,60,48,75,66,88,79,,68,88,60.3,62.9,19,1.9,2.6,15.26797665,10,1
Student 265,Male,Repeater,67,82,95,83,76,81,79,87,78,80,85,67,82,95,78,76,81,79,87,78,80,82,67,82,95,83,76,81,79,87,78,80,85,81.18181818,95,81.18181818,80.45454545,13,1.181818182,-0.7272727273,6.983096474,11,1
Student 266,Female,First Taker,46,47,57,38,38,44,72,54,66,58,,93,79,81,47,45,41,72,70,69,58,,93,79,97,47,45,53,72,70,69,58,,68.3,97,52,65.5,23,2.3,13.5,17.95704752,10,1
Student 267,Male,First Taker,53,72,80,51,61,58,74,65,73,60,64,86,94,91,61,61,74,97,88,97,66,98,86,99,91,61,61,74,99,88,97,66,98,83.63636364,99,64.63636364,83,30,2.727272727,18.36363636,15.37707857,11,1
Student 268,Female,Repeater,54,44,51,38,28,42,18,26,25,71,,96,92,95,18,28,22,99,26,25,18,,96,92,95,38,28,42,99,26,25,71,,61.2,99,39.7,51.9,20,2,12.2,32.29310212,10,0
Student 269,Female,First Taker,60,66,80,68,48,55,,73,71,77,,60,97,80,68,91,55,,79,80,77,,60,97,80,68,91,55,,79,80,77,,76.33333333,97,66.44444444,76.33333333,14,1.555555556,9.888888889,13.54621718,9,0
Student 270,Male,Repeater,50,,,,,52,,,,,,60,,,,,52,,,,,,60,,,,,52,,,,,,56,60,51,56,3,1.5,5,5.656854249,2,1
Student 271,Female,First Taker,42,67,55,49,41,51,51,,,,,42,67,55,49,41,51,51,,,,,42,67,55,49,41,51,51,,,,,50.85714286,67,50.85714286,50.85714286,7,1,0,8.725987459,7,1
Student 272,Female,Repeater,39,50,50,40,41,36,41,51,54,56,,45,40,52,51,61,36,40,47,54,51,,45,50,52,51,61,36,41,51,54,56,,49.7,61,45.8,47.7,21,2.1,1.9,7.30372812,10,0
Student 273,Male,First Taker,27,30,,49,,31,70,,53,,,27,63,,49,,31,68,,53,,,27,74,,49,,31,70,,53,,,50.66666667,74,43.33333333,48.5,11,1.833333333,5.166666667,19.35630819,6,0
Student 274,Female,Repeater,59,68,85,56,57,72,69,76,81,72,,59,61,55,74,63,72,69,76,81,72,,59,68,85,74,63,72,69,76,81,72,,71.9,85,69.5,68.2,15,1.5,-1.3,7.781031066,10,1
Student 275,Female,Repeater,46,,,,,,,,,,72,97,,,,,,,,,,72,97,,,,,,,,,,72,84.5,97,59,84.5,3,1.5,25.5,17.67766953,2,1
Student 276,Male,First Taker,48,,,62,67,41,81,70,82,74,65,83,,,62,67,41,86,70,82,74,65,83,,,62,67,41,86,70,82,74,65,70,86,65.55555556,70,11,1.222222222,4.444444444,13.80217374,9,1
Student 277,Male,Repeater,43,43,57,43,,,,,,,,86,40,57,43,,,,,,,,86,43,57,43,,,,,,,,57.25,86,46.5,56.5,6,1.5,10,20.27107956,4,1
Student 278,Male,First Taker,35,48,68,50,50,49,66,62,63,70,46,35,66,68,50,73,94,66,65,63,70,46,35,66,68,50,73,94,66,65,63,70,46,63.27272727,94,55.18181818,63.27272727,15,1.363636364,8.090909091,15.48606412,11,1
Student 279,Male,Repeater,38,,,43,,,,,,66,,38,,,43,,,,,,66,,38,,,43,,,,,,66,,49,66,49,49,3,1,0,14.93318452,3,1
Student 280,Male,First Taker,44,59,65,46,49,48,55,61,67,73,53,44,59,65,46,49,48,55,61,67,73,53,44,59,65,46,49,48,55,61,67,73,53,56.36363636,73,56.36363636,56.36363636,11,1,0,9.436871593,11,1
Student 281,Male,Repeater,51,59,77,27,24,23,79,26,24,27,,51,99,100,27,24,23,99,26,24,27,,51,99,100,27,24,23,99,26,24,27,,50,100,41.7,50,13,1.3,8.3,34.98888712,10,1
Student 282,Male,First Taker,64,74,87,90,76,76,,81,91,,,62,80,94,94,95,80,,81,91,,,64,83,94,94,95,80,,81,91,,,85.25,95,79.875,84.625,16,2,4.75,10.57963002,8,1
Student 283,Male,First Taker,49,59,62,56,49,41,66,66,75,64,63,49,59,62,56,49,41,66,66,75,64,63,49,59,62,56,49,41,66,66,75,64,63,59.09090909,75,59.09090909,59.09090909,11,1,0,9.679406443,11,1
Student 284,Male,Repeater,59,79,86,,73,,75,89,77,75,,93,79,86,,73,,75,89,77,75,,93,79,86,,73,,75,89,77,75,,80.875,93,76.625,80.875,9,1.125,4.25,7.453426825,8,1
Student 285,Male,Repeater,36,56,,,,,,,,,,36,56,,,,,,,,,,36,56,,,,,,,,,,46,56,46,46,2,1,0,14.14213562,2,0
Student 286,Male,First Taker,87,74,85,82,82,64,89,77,73,70,88,92,98,96,95,96,95,96,92,73,70,88,92,99,99,100,96,95,96,92,73,70,88,90.90909091,100,79.18181818,90.09090909,27,2.454545455,10.90909091,10.25138572,11,1
Student 287,Male,First Taker,64,65,68,79,61,53,84,72,67,70,87,89,84,80,79,80,97,96,86,97,70,87,89,84,90,79,91,97,96,91,99,70,87,88.45454545,99,70,85.90909091,27,2.454545455,15.90909091,8.418594139,11,1
Student 288,,First Taker,65,,,,,,,,,,,65,,,,,,,,,,,65,,,,,,,,,,,65,65,65,65,1,1,0,0,1,0
Student 289,,Repeater,42,49,,,,,,,,,,46,49,,,,,,,,,,46,49,,,,,,,,,,47.5,49,45.5,47.5,3,1.5,2,2.121320344,2,1
Student 290,Male,Repeater,37,36,55,37,39,,57,54,,58,36,58,51,55,37,39,,57,54,,58,76,58,51,55,37,39,,57,54,,58,76,53.88888889,76,45.44444444,53.88888889,14,1.555555556,8.444444444,11.45037602,9,0
Student 291,Male,Repeater,,49,53,,,,,,,59,,,49,53,,,,,,,59,,,49,53,,,,,,,59,,53.66666667,59,53.66666667,53.66666667,3,1,0,5.033222957,3,1
Student 292,Male,Repeater,34,50,50,,,38,,,,,,34,50,50,,,38,,,,,,34,50,50,,,38,,,,,,43,50,43,43,4,1,0,8.246211251,4,0
Student 293,Male,First Taker,76,73,85,64,73,75,81,80,83,76,87,87,73,85,64,73,75,81,80,83,76,87,87,73,85,64,73,75,81,80,83,76,87,78.54545455,87,77.54545455,78.54545455,12,1.090909091,1,7.10441604,11,1
Student 294,Male,First Taker,67,76,86,84,83,81,87,96,,,,91,76,90,84,83,81,87,96,,,,91,76,90,84,83,81,87,96,,,,86,96,82.5,86,10,1.25,3.5,6.32455532,8,1
Student 295,Male,Repeater,31,47,,,,,,,,,,31,44,,,,,,,,,,31,47,,,,,,,,,,39,47,39,37.5,3,1.5,-1.5,11.3137085,2,0
Student 296,Male,First Taker,,,49,,,,,,,,,,,49,,,,,,,,,,,49,,,,,,,,,49,49,49,49,1,1,0,0,1,1
Student 297,Female,Repeater,54,51,,79,,,60,,,,,54,55,,78,,,86,,,,,54,55,,79,,,86,,,,,68.5,86,61,68.25,7,1.75,7.25,16.42153058,4,1
Student 298,Female,Repeater,27,87,93,38,51,37,44,,,49,,27,87,88,74,51,37,55,,,36,,27,90,93,74,51,37,55,,,49,,59.5,93,53.25,56.875,21,2.625,3.625,23.98809228,8,0
Student 299,Male,First Taker,,52,,,,,,,,,,,52,,,,,,,,,,,52,,,,,,,,,,52,52,52,52,1,1,0,0,1,1
Student 300,Female,Repeater,55,41,34,30,32,30,32,37,73,70,77,96,67,90,68,32,30,100,87,73,82,94,96,91,90,68,32,30,100,87,73,84,94,76.81818182,100,46.45454545,74.45454545,23,2.090909091,28,24.54309753,11,1
Student 301,Female,Repeater,30,,,,,,,,,,,30,,,,,,,,,,,30,,,,,,,,,,,30,30,30,30,1,1,0,0,1,1
Student 302,Female,Repeater,46,,,,,,63,,,,,46,,,,,,63,,,,,46,,,,,,63,,,,,54.5,63,54.5,54.5,2,1,0,12.02081528,2,1
Student 303,Female,First Taker,58,71,88,,66,64,86,92,,82,,58,89,98,,66,51,88,92,,82,,58,89,98,,66,64,88,92,,82,,79.625,98,75.875,78,13,1.625,2.125,14.88947375,8,1
Student 304,Female,First Taker,44,47,67,62,45,50,67,66,79,74,,44,67,70,62,49,50,68,66,79,74,,44,69,70,62,49,50,68,66,79,74,,63.1,79,60.1,62.9,15,1.5,2.8,11.65666238,10,1
Student 305,Female,First Taker,46,43,54,49,42,41,,61,66,,45,46,56,95,49,38,41,,61,66,,45,46,96,95,49,42,41,,61,66,,45,60.11111111,96,49.66666667,55.22222222,14,1.555555556,5.555555556,21.75111747,9,1
Student 306,Female,Repeater,43,65,,,,,,,,,,43,65,,,,,,,,,,43,65,,,,,,,,,,54,65,54,54,2,1,0,15.55634919,2,1
Student 307,Female,Repeater,31,42,,,,,,,,,,37,42,,,,,,,,,,37,42,,,,,,,,,,39.5,42,36.5,39.5,3,1.5,3,3.535533906,2,1
Student 308,Female,First Taker,50,65,80,76,79,,48,,,52,,56,49,80,76,79,,48,,,58,,56,91,80,76,79,,48,,,58,,69.71428571,91,64.28571429,63.71428571,12,1.714285714,-0.5714285714,15.71320343,7,1
Student 309,Female,First Taker,52,41,57,49,51,47,67,57,65,,50,52,41,57,49,51,37,67,57,65,,50,52,41,57,49,51,47,67,57,65,,50,53.6,67,53.6,52.6,11,1.1,-1,8.016649342,10,1
Student 310,Female,First Taker,35,57,50,,26,39,46,26,25,,,35,57,50,,26,39,51,26,25,,,35,57,50,,26,39,51,26,25,,,38.625,57,38,38.625,9,1.125,0.625,12.74964986,8,1
Student 311,Male,First Taker,56,64,79,71,75,60,77,80,83,75,67,56,98,79,71,75,99,77,80,83,75,99,56,98,79,71,75,99,77,80,83,75,99,81.09090909,99,71.54545455,81.09090909,15,1.363636364,9.545454545,13.26238701,11,1
Student 312,Female,Repeater,51,69,81,84,85,22,33,,,,,51,98,81,84,85,97,100,,,,,51,98,81,84,85,97,100,,,,,85.14285714,100,60.71428571,85.14285714,10,1.428571429,24.42857143,16.88617355,7,0
Student 313,Female,First Taker,59,84,94,87,93,80,94,92,98,95,96,96,95,96,87,93,80,94,92,98,95,96,96,99,96,87,93,80,94,92,98,95,96,93.27272727,99,88.36363636,92.90909091,16,1.454545455,4.545454545,5.460602697,11,1
Student 314,Female,First Taker,62,62,82,71,55,63,75,81,85,73,86,98,97,82,71,89,90,97,81,84,92,86,98,97,82,71,89,90,97,81,85,92,86,88,98,72.27272727,87.90909091,21,1.909090909,15.63636364,8.185352772,11,1
Student 315,Female,Repeater,,54,51,39,33,48,65,,,55,,,72,6,47,33,68,65,,,55,,,72,51,47,33,74,65,,,55,,56.71428571,74,49.28571429,49.42857143,14,2,0.1428571429,14.68235092,7,1
Student 316,Female,First Taker,50,63,76,56,51,60,68,85,80,77,,50,72,76,56,51,60,68,85,80,77,,50,72,76,56,51,60,68,85,80,77,,67.5,85,66.6,67.5,11,1.1,0.9,12.52774698,10,1
Student 317,Female,First Taker,55,60,58,52,61,52,72,78,81,73,68,65,64,75,52,61,52,68,78,81,73,68,65,64,75,52,61,52,72,78,81,73,68,67.36363636,81,64.54545455,67,18,1.636363636,2.454545455,9.698172274,11,1
Student 318,Female,First Taker,60,74,74,79,66,60,74,74,77,81,,94,75,78,79,66,60,74,74,77,81,,98,75,78,79,66,60,74,74,77,81,,76.2,98,71.9,75.8,14,1.4,3.9,9.930872178,10,1
Student 319,Male,First Taker,47,66,72,62,55,43,73,76,77,76,,47,66,72,62,64,43,73,76,77,76,,47,66,72,62,64,43,73,76,77,76,,65.6,77,64.7,65.6,11,1.1,0.9,12.08488496,10,1
Student 320,Female,Repeater,40,46,,,,,,,,,,48,46,,,,,,,,,,48,46,,,,,,,,,,47,48,43,47,3,1.5,4,1.414213562,2,0
Student 321,Male,First Taker,,61,66,,,,,,,,,,61,66,,,,,,,,,,61,66,,,,,,,,,63.5,66,63.5,63.5,4,2,0,3.535533906,2,1
Student 322,Male,First Taker,,62,73,,,,,,,,,,97,62,,,,,,,,,,97,75,,,,,,,,,86,97,67.5,79.5,8,4,12,15.55634919,2,1
Student 323,Male,Repeater,65,70,78,69,54,49,69,78,23,78,,65,31,54,50,78,27,69,93,23,34,,65,86,78,69,78,49,69,93,23,78,,68.8,93,63.3,52.4,22,2.2,-10.9,20.10969915,10,1
Student 324,Male,First Taker,52,67,71,65,46,66,57,58,63,,,52,97,78,55,49,66,57,58,63,,,52,97,78,65,49,66,57,58,63,,,65,97,60.55555556,63.88888889,13,1.444444444,3.333333333,14.73091986,9,1
Student 325,Male,First Taker,59,69,72,66,64,53,78,78,78,81,88,100,97,99,86,78,53,91,88,78,87,88,100,97,99,99,78,53,91,88,78,87,88,87.09090909,100,71.45454545,85.90909091,20,1.818181818,14.45454545,13.75830328,11,1
Student 326,Female,First Taker,56,53,,,,,,,,,,100,53,,,,,,,,,,100,53,,,,,,,,,,76.5,100,54.5,76.5,6,3,22,33.23401872,2,1
Student 327,Female,First Taker,29,37,48,41,37,36,49,51,67,38,,36,34,48,41,37,36,49,51,67,38,,36,37,48,41,37,36,49,51,67,38,,44,67,43.3,43.7,12,1.2,0.4,9.94428926,10,0
Student 328,Female,First Taker,37,37,41,40,46,38,49,53,71,45,49,66,44,41,68,46,48,88,53,71,45,49,67,76,41,68,46,48,88,53,71,45,49,59.27272727,88,46,56.27272727,19,1.727272727,10.27272727,15.37589613,11,0
Student 329,Female,First Taker,26,30,43,,,39,49,,,,,23,59,54,,,35,49,,,,,26,72,54,,,39,49,,,,,48,72,37.4,44,13,2.6,6.6,17.1610023,5,0
Student 330,Female,First Taker,20,43,49,,,,,,,,,58,92,72,,,,,,,,,58,92,72,,,,,,,,,74,92,37.33333333,74,10,3.333333333,36.66666667,17.08800749,3,0
Student 331,Female,Repeater,,46,96,83,86,,71,72,71,90,91,,89,96,83,86,,71,98,94,90,91,,89,96,83,86,,71,98,94,90,91,88.66666667,98,78.44444444,88.66666667,15,1.666666667,10.22222222,8.124038405,9,0
Student 332,Female,Repeater,44,41,,,,,,,,,,44,41,,,,,,,,,,44,41,,,,,,,,,,42.5,44,42.5,42.5,2,1,0,2.121320344,2,0
Student 333,Female,First Taker,57,67,52,36,38,29,44,33,31,41,92,99,90,52,36,89,29,31,33,31,41,92,99,90,52,36,89,29,44,33,31,41,92,57.81818182,99,47.27272727,56.63636364,18,1.636363636,9.363636364,28.32249347,11,0
Student 334,Female,Repeater,45,,45,48,,40,38,,,,,77,,69,48,,40,72,,,,,77,,69,48,,40,75,,,,,61.8,77,43.2,61.2,9,1.8,18,16.75410397,5,0
Student 335,Female,Repeater,48,49,,,,,,,,,,48,49,,,,,,,,,,48,49,,,,,,,,,,48.5,49,48.5,48.5,2,1,0,0.7071067812,2,1
Student 336,Female,Repeater,47,31,53,,,,39,53,,,,47,31,53,,,,39,53,,,,47,31,53,,,,39,53,,,,44.6,53,44.6,44.6,5,1,0,9.5289034,5,0
Student 337,Female,First Taker,59,68,74,73,62,61,80,72,73,77,85,95,91,94,73,62,72,80,72,73,77,85,95,91,94,73,62,72,80,72,73,77,85,79.45454545,95,71.27272727,79.45454545,15,1.363636364,8.181818182,10.59588256,11,1
Student 338,Male,Repeater,44,53,82,,68,57,,73,,69,68,44,53,82,,68,57,,73,,69,68,44,53,82,,68,57,,73,,69,68,64.25,82,64.25,64.25,8,1,0,12.13907504,8,1
Student 339,Female,Repeater,,64,66,56,53,43,,68,72,68,,,58,76,56,77,55,,73,72,68,,,78,95,56,77,55,,73,72,68,,71.75,95,61.25,66.875,21,2.625,5.625,12.82575534,8,0
Student 340,Female,Repeater,53,50,46,49,44,40,64,47,64,60,30,55,50,46,53,50,22,64,26,25,18,30,55,50,46,53,55,40,64,47,64,60,30,51.27272727,64,49.72727273,39.90909091,20,1.818181818,-9.818181818,10.28679648,11,0
Student 341,Male,First Taker,22,61,69,64,67,54,69,69,68,75,68,54,73,81,76,67,58,78,69,81,75,68,54,73,81,76,67,58,78,69,81,75,68,70.90909091,81,62.36363636,70.90909091,18,1.636363636,8.545454545,8.836906081,11,1
Student 342,Male,First Taker,83,,,,,,,,,,,83,,,,,,,,,,,83,,,,,,,,,,,83,83,83,83,2,2,0,0,1,0
Student 343,Female,Repeater,51,57,,,,,,,,,,51,57,,,,,,,,,,51,57,,,,,,,,,,54,57,54,54,2,1,0,4.242640687,2,0
Student 344,Male,First Taker,46,33,51,,47,39,,64,74,73,47,98,98,51,,100,100,,100,99,100,99,98,98,51,,100,100,,100,99,100,99,93.88888889,100,52.66666667,93.88888889,18,2,41.22222222,16.10469221,9,1
Student 345,Female,First Taker,37,51,,,,,,,,,,37,51,,,,,,,,,,37,51,,,,,,,,,,44,51,44,44,2,1,0,9.899494937,2,1
Student 346,Male,Repeater,43,,,52,,,,,,,,43,,,52,,,,,,,,43,,,52,,,,,,,,47.5,52,47.5,47.5,2,1,0,6.363961031,2,1
Student 347,Female,First Taker,35,38,51,62,51,47,63,69,73,,,35,97,51,62,51,47,63,69,73,,,35,97,51,62,51,47,63,69,73,,,60.88888889,97,54.33333333,60.88888889,11,1.222222222,6.555555556,17.96137832,9,0
Student 348,Female,First Taker,50,62,81,,,,81,,,,,50,60,81,,,,81,,,,,50,62,81,,,,81,,,,,68.5,81,68.5,68,5,1.25,-0.5,15.24248449,4,1
Student 349,Female,First Taker,54,73,80,68,,,,,,,,54,73,80,68,,,,,,,,54,73,80,68,,,,,,,,68.75,80,68.75,68.75,4,1,0,10.99621147,4,0
Student 350,Male,First Taker,42,66,,,,,52,,,73,,32,66,,,,,52,,,73,,42,66,,,,,52,,,73,,58.25,73,58.25,55.75,5,1.25,-2.5,13.91342278,4,1
Student 351,Female,First Taker,,,,,,45,,,,,,,,,,,38,,,,,,,,,,,45,,,,,,45,45,45,38,3,3,-7,0,1,1
Student 352,Female,First Taker,48,70,73,62,55,59,86,70,73,66,,91,70,73,62,78,59,86,98,73,80,,91,70,73,62,88,59,86,98,73,80,,78,98,66.2,77,16,1.6,10.8,12.77149604,10,1
Student 353,Female,Repeater,43,54,68,58,62,47,73,68,71,65,71,46,89,68,58,62,47,73,96,97,98,71,46,89,68,58,62,47,73,96,97,98,71,73.18181818,98,61.81818182,73.18181818,16,1.454545455,11.36363636,19.40524765,11,1
Student 354,Female,Repeater,48,50,,,,,,,,,,48,57,,,,,,,,,,48,57,,,,,,,,,,52.5,57,49,52.5,3,1.5,3.5,6.363961031,2,0
Student 355,Male,Repeater,42,76,84,97,67,69,82,98,89,59,90,84,76,84,97,67,69,82,98,89,95,90,84,76,84,97,67,69,82,98,89,95,90,84.63636364,98,77.54545455,84.63636364,17,1.545454545,7.090909091,10.60445875,11,1
Student 356,Male,Repeater,48,48,49,35,39,41,49,49,59,58,,48,48,49,35,39,41,49,49,59,58,,48,48,49,35,39,41,49,49,59,58,,47.5,59,47.5,47.5,10,1,0,7.604823031,10,1
Student 357,Female,First Taker,42,47,54,,,50,,,,,,88,59,54,,,49,,,,,,88,59,54,,,50,,,,,,62.75,88,48.25,62.5,8,2,14.25,17.23127002,4,1
Student 358,Female,Repeater,40,44,71,47,53,,,,69,,,40,58,66,52,53,,,,69,,,40,78,71,52,53,,,,69,,,60.5,78,54,56.33333333,12,2,2.333333333,14.40486029,6,1
Student 359,Male,Repeater,43,37,,29,,,,34,,38,,43,37,,29,,,,39,,38,,43,37,,29,,,,54,,38,,40.2,54,36.2,37.2,8,1.6,1,9.203260292,5,0
Student 360,Female,,52,,,,,,,,,,,52,,,,,,,,,,,52,,,,,,,,,,,52,52,52,52,1,1,0,0,1,0
Student 361,Female,Repeater,50,55,53,50,51,44,59,,,,,50,55,53,50,51,44,59,,,,,50,55,53,50,51,44,59,,,,,51.71428571,59,51.71428571,51.71428571,7,1,0,4.680252333,7,1
Student 362,Female,First Taker,51,70,,,,,,,,,,51,70,,,,,,,,,,51,70,,,,,,,,,,60.5,70,60.5,60.5,2,1,0,13.43502884,2,1
Student 363,,Repeater,42,52,73,65,65,59,69,,68,71,82,63,39,73,65,84,65,69,,68,71,82,63,52,73,65,84,65,69,,68,71,82,69.2,84,64.6,67.9,14,1.4,3.3,9.25922963,10,0
Student 364,Female,Repeater,50,50,56,51,35,,,,,,,50,50,56,51,35,,,,,,,50,50,56,51,35,,,,,,,48.4,56,48.4,48.4,5,1,0,7.893034904,5,1
Student 365,Female,First Taker,44,56,68,51,49,47,59,71,76,74,,44,56,73,60,49,47,59,71,76,74,,44,56,73,60,49,47,59,71,76,74,,60.9,76,59.5,60.9,12,1.2,1.4,12.00416594,10,1
Student 366,Female,First Taker,43,54,66,61,55,,,76,,,66,43,54,66,61,55,,,76,,,66,43,54,66,61,55,,,76,,,66,60.14285714,76,60.14285714,60.14285714,7,1,0,10.63686313,7,1
Student 367,Female,First Taker,56,50,70,56,70,48,82,71,77,76,,100,98,100,94,97,91,99,100,77,98,,100,98,100,94,97,91,99,100,77,98,,95.4,100,65.6,95.4,22,2.2,29.8,7.089898918,10,1
Student 368,Male,First Taker,52,62,80,71,56,55,69,81,80,74,73,52,62,80,15,5,7,69,81,80,74,73,52,62,80,71,56,55,69,81,80,74,73,68.45454545,81,68.45454545,54.36363636,14,1.272727273,-14.09090909,10.63356607,11,1
Student 369,Female,First Taker,48,37,43,,,,,,,,44,48,37,50,,,,,,,,44,48,37,50,,,,,,,,44,44.75,50,43,44.75,5,1.25,1.75,5.737304826,4,1
Student 370,Female,First Taker,45,44,55,52,50,58,62,70,71,62,,45,95,80,52,50,66,62,70,71,62,,45,95,80,52,50,66,62,70,71,62,,65.3,95,56.9,65.3,13,1.3,8.4,14.90003729,10,1
Student 371,Female,Repeater,48,,,,,,,,,,,48,,,,,,,,,,,48,,,,,,,,,,,48,48,48,48,1,1,0,0,1,1
Student 372,Female,Repeater,52,65,,59,55,,73,72,78,83,,63,65,,59,55,,73,72,78,83,,63,65,,59,55,,73,72,78,83,,68.5,83,67.125,68.5,9,1.125,1.375,9.621404709,8,1
Student 373,Female,First Taker,51,68,81,69,59,,,,,,,51,74,78,69,59,,,,,,,51,74,81,69,59,,,,,,,66.8,81,65.6,66.2,7,1.4,0.6,11.92476415,5,1
Student 374,Female,First Taker,52,58,78,78,64,69,85,82,81,85,76,52,83,78,78,64,69,85,82,81,85,76,52,83,78,78,64,69,85,82,81,85,76,75.72727273,85,73.45454545,75.72727273,12,1.090909091,2.272727273,10.2380751,11,1
Student 375,Female,First Taker,41,52,21,23,29,23,26,63,73,25,27,20,73,76,20,28,19,26,26,20,25,27,53,100,98,100,100,99,26,63,73,25,27,69.45454545,100,36.63636364,32.72727273,40,3.636363636,-3.909090909,32.37086232,11,0
Student 376,Female,Repeater,47,56,,,,,,,,,,47,56,,,,,,,,,,47,56,,,,,,,,,,51.5,56,51.5,51.5,2,1,0,6.363961031,2,1
Student 377,Female,First Taker,44,65,74,,70,,79,,,,,44,65,74,,70,,79,,,,,44,65,74,,70,,79,,,,,66.4,79,66.4,66.4,5,1,0,13.53883304,5,0
Student 378,Male,First Taker,31,47,61,,50,44,60,,65,,,31,41,61,,50,44,60,,65,,,31,47,61,,50,44,60,,65,,,51.14285714,65,51.14285714,50.28571429,8,1.142857143,-0.8571428571,11.8522652,7,0
Student 379,Male,Repeater,66,47,39,89,89,,,,,,,96,47,99,89,89,,,,,,,100,47,99,89,89,,,,,,,84.8,100,66,84,11,2.2,18,21.77613372,5,0
Student 380,Male,Repeater,44,52,64,,,,72,,,61,,99,52,64,,,,72,,,61,,99,52,64,,,,72,,,61,,69.6,99,58.6,69.6,8,1.6,11,17.9248431,5,1
Student 381,Female,Repeater,36,42,,,,,,,,,,36,80,,,,,,,,,,36,80,,,,,,,,,,58,80,39,58,3,1.5,19,31.11269837,2,0
Student 382,Female,First Taker,49,69,61,48,62,51,55,53,65,70,,29,89,61,48,62,51,55,53,65,70,,49,89,61,48,62,51,55,53,65,70,,60.3,89,58.3,58.3,12,1.2,0,12.42801495,10,1
Student 383,Female,Repeater,57,43,67,48,56,43,72,57,69,68,62,57,54,72,88,66,56,79,78,84,68,62,57,54,72,88,66,56,100,78,84,68,62,71.36363636,100,58.36363636,69.45454545,27,2.454545455,11.09090909,14.73955717,11,1
Student 384,Female,Repeater,38,56,62,44,51,46,80,57,,,,60,87,62,47,51,46,80,57,,,,61,87,62,47,51,46,80,57,,,,61.375,87,54.25,61.25,13,1.625,7,14.9946419,8,1
Student 385,Female,Repeater,42,,,,,,,,,,,42,,,,,,,,,,,42,,,,,,,,,,,42,42,42,42,1,1,0,0,1,0
Student 386,Female,Repeater,39,52,57,43,58,42,63,65,66,,70,80,58,64,52,54,32,63,65,66,,70,80,58,64,52,58,42,63,65,66,,70,61.8,80,55.5,60.4,16,1.6,4.9,10.27186016,10,0
Student 387,Female,First Taker,46,60,73,75,60,57,71,72,74,63,,80,89,73,75,60,57,71,72,74,63,,99,89,73,75,60,57,71,72,74,63,,73.3,99,65.1,71.4,14,1.4,6.3,12.76322843,10,1
Student 388,Female,First Taker,36,,,40,,,,,,,,36,,,40,,,,,,,,36,,,40,,,,,,,,38,40,38,38,2,1,0,2.828427125,2,0
Student 389,Female,Repeater,67,81,89,83,71,72,83,89,84,85,93,99,81,89,83,100,98,83,89,84,85,93,99,81,89,83,100,99,83,89,84,85,93,89.54545455,100,81.54545455,89.45454545,19,1.727272727,7.909090909,7.146518542,11,1
Student 390,Female,Repeater,40,,,,,,,,,,,98,,,,,,,,,,,98,,,,,,,,,,,98,98,40,98,2,2,58,0,1,1
Student 391,Female,First Taker,47,57,83,57,77,65,75,69,73,,,75,95,83,57,77,92,100,98,73,,,75,100,83,57,77,92,100,98,73,,,83.88888889,100,67,83.33333333,17,1.888888889,16.33333333,14.80240221,9,1
Student 392,Female,Repeater,40,55,59,62,,48,56,56,68,63,,40,55,59,62,,48,60,56,68,63,,40,55,59,62,,48,60,56,68,63,,56.77777778,68,56.33333333,56.77777778,10,1.111111111,0.4444444444,8.437680039,9,1
Student 393,Female,Repeater,47,,,,,,,,,,,47,,,,,,,,,,,47,,,,,,,,,,,47,47,47,47,1,1,0,0,1,1
Student 394,Female,First Taker,46,55,67,57,49,45,63,73,72,62,70,90,55,67,57,49,45,74,74,81,62,70,90,55,67,57,49,45,74,74,81,62,70,65.81818182,90,59.90909091,65.81818182,15,1.363636364,5.909090909,13.76094606,11,1
Student 395,Female,First Taker,36,,55,,,,,,,,,36,,55,,,,,,,,,36,,55,,,,,,,,,45.5,55,45.5,45.5,2,1,0,13.43502884,2,1
Student 396,Female,Repeater,72,75,87,71,72,,,,,,,72,75,87,71,72,,,,,,,72,75,87,71,72,,,,,,,75.4,87,75.4,75.4,5,1,0,6.655824517,5,0
Student 397,Female,First Taker,35,55,95,85,73,77,84,59,51,,78,100,90,95,85,76,77,84,59,51,,78,100,90,95,85,76,77,84,59,51,,78,79.5,100,69.2,79.5,14,1.4,10.3,15.18222645,10,1
Student 398,Male,Repeater,41,64,72,63,59,67,80,70,72,68,75,41,64,72,82,59,67,80,70,72,68,75,41,64,72,82,59,67,80,70,72,68,75,68.18181818,82,66.45454545,68.18181818,12,1.090909091,1.727272727,11.18765553,11,1
Student 399,Male,First Taker,38,66,,,,,,75,,,,48,89,,,,,,75,,,,48,89,,,,,,75,,,,70.66666667,89,59.66666667,70.66666667,5,1.666666667,11,20.84066538,3,1
Student 400,Male,First Taker,33,38,53,,,,,,,,,98,38,53,,,,,,,,,98,38,53,,,,,,,,,63,98,41.33333333,63,4,1.333333333,21.66666667,31.22498999,3,0
Student 401,Male,Repeater,60,32,73,33,62,,,,,,,74,79,82,33,41,,,,,,,88,79,82,33,62,,,,,,,68.8,88,52,61.8,13,2.6,9.8,22.21936093,5,1
Student 402,Male,First Taker,,,76,,,,86,,,,,,,76,,,,86,,,,,,,76,,,,86,,,,,81,86,81,81,2,1,0,7.071067812,2,1
Student 403,Female,First Taker,38,44,33,,,26,85,,,,,38,57,33,,,33,42,,,,,38,57,33,,,33,85,,,,,49.2,85,45.2,40.6,8,1.6,-4.6,22.32039426,5,1
Student 404,Female,First Taker,67,88,,,87,,,,,,,67,88,,,87,,,,,,,67,88,,,87,,,,,,,80.66666667,88,80.66666667,80.66666667,3,1,0,11.8462371,3,0
Student 405,Female,Repeater,63,70,77,72,26,55,,60,73,71,77,99,76,77,72,26,55,,69,73,83,77,99,76,77,72,26,55,,69,73,89,77,71.3,99,64.4,70.7,16,1.6,6.3,19.70363757,10,1
Student 406,Female,Repeater,20,,,,,,,,,,46,31,,,,,,,,,,46,31,,,,,,,,,,46,38.5,46,33,38.5,3,1.5,5.5,10.60660172,2,1
Student 407,Female,Repeater,55,75,74,61,60,71,74,82,72,75,63,55,75,74,61,60,71,74,82,72,75,63,55,75,74,61,60,71,74,82,72,75,63,69.27272727,82,69.27272727,69.27272727,11,1,0,8.247313612,11,0
Student 408,Female,First Taker,49,53,77,55,58,50,63,67,72,71,66,49,53,77,55,58,50,63,67,72,71,25,49,53,77,55,58,50,63,67,72,71,66,61.90909091,77,61.90909091,58.18181818,12,1.090909091,-3.727272727,9.523177468,11,1
Student 409,Female,First Taker,60,56,54,66,42,35,67,47,57,,,81,88,54,66,42,35,67,47,57,,,81,88,54,66,42,35,67,47,57,,,59.66666667,88,53.77777778,59.66666667,14,1.555555556,5.888888889,17.57839583,9,1
Student 410,Female,Repeater,53,65,70,79,50,47,87,73,77,70,,36,65,70,79,50,47,87,73,77,70,,53,65,70,79,50,47,87,73,77,70,,67.1,87,67.1,65.4,11,1.1,-1.7,13.27863782,10,1
Student 411,Female,First Taker,,70,79,86,80,60,66,91,74,65,71,,76,79,86,80,60,66,91,74,65,71,,76,79,86,80,60,66,91,74,65,71,74.8,91,74.2,74.8,12,1.2,0.6,9.670114328,10,0
Student 412,Female,Repeater,,,,46,,,,,,,,,,,46,,,,,,,,,,,46,,,,,,,,46,46,46,46,1,1,0,0,1,0
Student 413,Female,Repeater,61,61,,,,,,,,,,61,61,,,,,,,,,,61,61,,,,,,,,,,61,61,61,61,2,1,0,0,2,0
Student 414,Female,Repeater,50,52,53,60,55,60,,61,,,,50,52,77,70,91,89,,86,,,,50,52,77,70,91,89,,86,,,,73.57142857,91,55.85714286,73.57142857,15,2.142857143,17.71428571,17.03777316,7,0
Student 415,Female,,96,50,56,59,51,46,84,60,65,67,42,96,81,91,93,51,95,84,97,65,97,95,96,96,91,93,51,95,84,97,65,97,95,87.27272727,97,61.45454545,85.90909091,19,1.727272727,24.45454545,15.26493308,11,1
Student 416,Female,Repeater,37,,,,,,,,,,,37,,,,,,,,,,,37,,,,,,,,,,,37,37,37,37,1,1,0,0,1,1
Student 417,,First Taker,35,58,63,32,,,,,,,,48,58,63,32,,,,,,,,48,58,63,32,,,,,,,,50.25,63,47,50.25,5,1.25,3.25,13.67174702,4,1
Student 418,,First Taker,,39,65,,,,,,,,,,91,65,,,,,,,,,,91,65,,,,,,,,,78,91,52,78,7,3.5,26,18.38477631,2,0
Student 419,Female,Repeater,43,,,,,,,45,,,,43,,,,,,,45,,,,43,,,,,,,45,,,,44,45,44,44,2,1,0,1.414213562,2,1
Student 420,Male,First Taker,50,,,,,,,,,,,50,,,,,,,,,,,50,,,,,,,,,,,50,50,50,50,1,1,0,0,1,0
Student 421,Female,Repeater,60,52,52,44,49,55,57,,,,,60,91,89,86,82,94,93,,,,,60,91,89,86,82,94,93,,,,,85,94,52.71428571,85,16,2.285714286,32.28571429,11.77568116,7,1
Student 422,Male,Repeater,51,47,,,61,,,,,,,51,88,,,91,,,,,,,51,88,,,91,,,,,,,76.66666667,91,53,76.66666667,5,1.666666667,23.66666667,22.27853975,3,1
Student 423,Male,First Taker,42,,,,,,,,,,,42,,,,,,,,,,,42,,,,,,,,,,,42,42,42,42,1,1,0,0,1,0
Student 424,Male,First Taker,36,37,45,32,45,41,40,49,31,,29,33,37,45,32,45,41,40,49,31,,29,36,37,45,32,45,41,40,49,31,,29,38.5,49,38.5,38.2,11,1.1,-0.3,6.670832032,10,0
Student 425,Female,Repeater,37,41,70,48,75,59,55,84,,,,50,99,80,49,36,59,99,84,,,,92,99,80,49,93,59,99,84,,,,81.875,99,58.625,69.5,22,2.75,10.875,18.61211203,8,0
Student 426,Female,Repeater,31,28,,,,,,,,,,31,28,,,,,,,,,,31,28,,,,,,,,,,29.5,31,29.5,29.5,2,1,0,2.121320344,2,0
Student 427,Female,First Taker,68,74,71,68,55,61,86,70,81,67,93,72,76,94,82,64,74,91,84,84,73,93,72,76,94,82,64,74,94,84,84,73,93,80.90909091,94,72.18181818,80.63636364,25,2.272727273,8.454545455,10.04444668,11,1
Student 428,Female,Repeater,,,,77,,,,,,,,,,,87,,,,,,,,,,,87,,,,,,,,87,87,77,87,2,2,10,0,1,1
Student 429,Female,First Taker,29,74,81,66,75,60,73,82,86,74,84,73,74,81,66,75,60,73,82,86,74,84,73,74,81,66,75,60,73,82,86,74,84,75.27272727,86,71.27272727,75.27272727,14,1.272727273,4,7.760037488,11,1
Student 430,Female,First Taker,30,36,64,82,53,57,,,,,56,30,36,64,82,93,57,,,,,56,30,36,64,82,93,57,,,,,56,59.71428571,93,54,59.71428571,8,1.142857143,5.714285714,22.69151299,7,1
Student 431,Female,First Taker,40,49,,,53,49,54,54,63,67,,40,95,,,89,49,68,54,63,67,,40,95,,,89,49,68,54,63,67,,65.625,95,53.625,65.625,12,1.5,12,18.86748904,8,1
Student 432,Female,First Taker,54,68,88,66,71,71,87,81,78,80,94,94,89,94,97,85,93,93,100,84,85,94,94,89,94,97,85,93,93,100,84,85,94,91.63636364,100,76.18181818,91.63636364,27,2.454545455,15.45454545,5.220588612,11,1
Student 433,Female,Repeater,48,32,,,,,,,,,,48,32,,,,,,,,,,48,32,,,,,,,,,,40,48,40,40,2,1,0,11.3137085,2,0
Student 434,Female,Repeater,47,47,96,89,91,88,95,99,97,56,,82,48,96,89,91,88,95,99,97,56,,82,90,96,89,91,88,95,99,97,56,,88.3,99,80.5,84.1,14,1.4,3.6,12.41907136,10,1
Student 435,Female,First Taker,36,42,23,22,30,32,24,31,31,37,,48,98,98,100,100,100,100,100,100,100,,48,98,98,100,100,100,100,100,100,100,,94.4,100,30.8,94.4,23,2.3,63.6,16.3244874,10,1
Student 436,Female,Repeater,55,61,55,60,56,43,69,63,67,73,79,91,68,71,82,65,56,85,73,72,74,79,98,93,92,92,91,87,100,97,99,99,79,93.36363636,100,61.90909091,74.18181818,35,3.181818182,12.27272727,6.313045656,11,1
Student 437,,First Taker,53,51,62,,,,70,67,67,69,,53,51,67,,,,70,67,67,69,,53,51,67,,,,70,67,67,69,,63.42857143,70,62.71428571,63.42857143,10,1.428571429,0.7142857143,7.913219801,7,1
Student 438,Female,First Taker,42,46,67,52,41,,63,,,48,56,42,56,72,79,90,,63,,,54,94,42,56,73,79,90,,63,,,63,94,70,94,51.875,68.75,21,2.625,16.875,17.50102038,8,0
Student 439,Female,Repeater,46,55,46,55,41,39,,63,56,55,,46,55,46,55,41,39,,63,56,55,,46,55,46,55,41,39,,63,56,55,,50.66666667,63,50.66666667,50.66666667,9,1,0,7.984359711,9,0
Student 440,Female,First Taker,54,77,72,72,67,43,83,64,68,70,,54,77,72,72,67,43,83,64,68,70,,54,77,72,72,67,43,83,64,68,70,,67,83,67,67,10,1,0,11.40175425,10,1
Student 441,Female,First Taker,52,55,70,61,55,53,74,69,78,71,,52,55,70,61,58,53,74,69,85,71,,52,55,70,61,58,53,74,69,85,71,,64.8,85,63.8,64.8,12,1.2,1,10.72691319,10,1
Student 442,Female,First Taker,55,75,92,76,57,89,73,68,74,85,89,98,75,92,76,57,89,73,68,74,85,89,98,75,92,76,57,89,73,68,74,85,89,79.63636364,98,75.72727273,79.63636364,12,1.090909091,3.909090909,12.05215937,11,1
Student 443,Female,First Taker,49,49,55,,52,45,71,,,,,49,96,55,,47,45,71,,,,,49,96,55,,52,45,71,,,,,61.33333333,96,53.5,60.5,9,1.5,7,19.19027532,6,1
Student 444,Female,First Taker,53,58,65,71,47,60,77,,,,,53,90,78,71,47,60,77,,,,,53,90,78,71,47,60,77,,,,,68,90,61.57142857,68,11,1.571428571,6.428571429,15.29705854,7,1
Student 445,Female,Repeater,38,62,72,,58,,62,,,,,97,90,97,,58,,62,,,,,97,90,97,,58,,62,,,,,80.8,97,58.4,80.8,10,2,22.4,19.2535711,5,1
Student 446,Female,First Taker,50,75,80,,,63,,,,,,50,78,80,,,63,,,,,,50,78,80,,,63,,,,,,67.75,80,67,67.75,5,1.25,0.75,14.05643388,4,1
Student 447,Male,First Taker,38,39,46,38,40,37,51,49,65,58,,44,67,59,56,73,47,64,51,75,60,,44,67,59,56,98,47,64,51,75,60,,62.1,98,46.1,59.6,30,3,13.5,15.68049036,10,0
Student 448,Male,Repeater,,,,,,,,74,62,,,,,,,,,,74,78,,,,,,,,,,74,78,,,76,78,68,76,3,1.5,8,2.828427125,2,1
Student 449,Female,Repeater,43,,,,,,,,,,,43,,,,,,,,,,,43,,,,,,,,,,,43,43,43,43,1,1,0,0,1,1
Student 450,Male,First Taker,49,52,64,55,65,66,66,72,74,72,75,99,80,64,55,65,66,66,72,74,73,75,99,80,64,55,65,66,66,72,74,73,75,71.72727273,99,64.54545455,71.72727273,14,1.272727273,7.181818182,11.314512,11,1
Student 451,Female,Repeater,49,41,47,41,,,38,,63,53,,48,41,47,41,,,38,,63,53,,49,41,47,41,,,38,,63,53,,47.42857143,63,47.42857143,47.28571429,8,1.142857143,-0.1428571429,8.638231741,7,0
Student 452,Female,First Taker,59,77,80,59,71,74,75,,,,,59,77,80,59,71,74,75,,,,,59,77,80,59,71,74,75,,,,,70.71428571,80,70.71428571,70.71428571,7,1,0,8.459989868,7,0
Student 453,Male,Repeater,39,46,65,40,42,39,75,,,,65,97,75,90,60,76,55,75,,,,65,97,85,94,60,76,90,75,,,,65,80.25,97,51.375,74.125,21,2.625,22.75,13.49867718,8,1
Student 454,Female,First Taker,45,57,,47,,,,,,,,45,57,,47,,,,,,,,45,57,,47,,,,,,,,49.66666667,57,49.66666667,49.66666667,3,1,0,6.429100507,3,0
Student 455,Female,Repeater,39,,,,,,,,,,,39,,,,,,,,,,,39,,,,,,,,,,,39,39,39,39,1,1,0,0,1,0
Student 456,Female,First Taker,67,69,84,67,62,68,,74,66,,78,59,72,84,77,62,68,,93,81,,78,67,72,84,77,62,68,,93,81,,78,75.77777778,93,70.55555556,74.88888889,14,1.555555556,4.333333333,9.614803401,9,1
Student 457,Male,Repeater,59,67,77,61,56,62,,,,,,59,67,89,70,56,62,,,,,,59,67,89,70,56,62,,,,,,67.16666667,89,63.66666667,67.16666667,8,1.333333333,3.5,11.85608142,6,1
Student 458,Female,First Taker,41,70,85,78,70,60,87,78,79,84,,41,76,85,79,70,73,88,78,79,84,,41,76,85,79,70,73,88,78,79,84,,75.3,88,73.2,75.3,15,1.5,2.1,13.23337531,10,1
Student 459,Female,First Taker,63,66,72,78,69,64,74,80,78,78,79,63,79,86,78,59,64,89,80,78,78,79,63,79,86,78,69,64,89,80,78,78,79,76.63636364,89,72.81818182,75.72727273,15,1.363636364,2.909090909,8.20088687,11,1
Student 460,Female,Repeater,41,59,,,,,47,,,,,41,59,,,,,47,,,,,41,59,,,,,47,,,,,49,59,49,49,3,1,0,9.16515139,3,1
Student 461,Female,First Taker,49,58,74,64,53,53,71,70,73,73,66,75,57,74,87,53,53,71,70,73,73,66,75,87,74,87,53,53,71,70,73,73,66,71.09090909,87,64,68.36363636,17,1.545454545,4.363636364,11.0404216,11,1
Student 462,Female,Repeater,75,75,91,33,28,22,29,34,32,48,16,75,77,91,33,28,22,29,34,32,48,16,75,77,91,33,28,22,29,34,32,48,16,44.09090909,91,43.90909091,44.09090909,12,1.090909091,0.1818181818,25.27629144,11,0
Student 463,Female,First Taker,36,51,55,52,65,,51,,,72,68,36,51,55,52,65,,51,,,72,68,36,51,55,52,65,,51,,,72,68,56.25,72,56.25,56.25,8,1,0,11.63430887,8,1
Student 464,Female,First Taker,73,56,,,,,40,,70,,,73,56,,,,,40,,70,,,73,56,,,,,40,,70,,,59.75,73,59.75,59.75,4,1,0,15.10794493,4,1
Student 465,Female,Repeater,45,58,77,53,55,60,77,63,66,71,64,98,91,77,62,68,60,77,63,66,71,66,98,91,77,62,68,60,77,63,66,71,66,72.63636364,98,62.63636364,72.63636364,16,1.454545455,10,12.23333746,11,1
Student 466,Female,Repeater,41,57,52,53,53,45,48,56,66,,,85,100,100,77,33,45,48,56,66,,,100,100,100,77,53,45,48,56,66,,,71.66666667,100,52.33333333,67.77777778,38,4.222222222,15.44444444,23.27552362,9,0
Student 467,Female,First Taker,51,52,65,57,64,52,70,72,65,67,68,61,52,65,57,64,52,70,72,65,67,68,64,52,65,57,64,52,70,72,65,67,68,63.27272727,72,62.09090909,63,13,1.181818182,0.9090909091,6.768912898,11,1
Student 468,Male,,39,38,61,,,46,65,,,,,39,88,61,,,46,65,,,,,39,88,61,,,46,65,,,,,59.8,88,49.8,59.8,6,1.2,10,19.01841213,5,1
Student 469,Male,First Taker,45,56,70,62,63,47,66,73,69,74,58,68,56,70,62,63,47,66,73,69,74,58,68,56,70,62,63,47,66,73,69,74,58,64.18181818,74,62.09090909,64.18181818,13,1.181818182,2.090909091,8.097137541,11,1
Student 470,Female,First Taker,47,52,59,67,54,51,84,69,78,77,,47,65,72,67,54,51,84,69,78,77,,47,88,72,67,54,51,84,69,78,77,,68.7,88,63.8,66.4,13,1.3,2.6,14.04793381,10,1
Student 471,Female,First Taker,,61,38,29,,,,,,,,,29,38,29,,,,,,,,,61,38,29,,,,,,,,42.66666667,61,42.66666667,32,5,1.666666667,-10.66666667,16.50252506,3,1
Student 472,Female,First Taker,51,57,,,,,,,,,,51,90,,,,,,,,,,51,90,,,,,,,,,,70.5,90,54,70.5,3,1.5,16.5,27.57716447,2,1
Student 473,Female,First Taker,55,85,81,74,46,45,58,67,72,72,87,99,69,81,74,46,45,90,67,72,72,87,99,85,81,74,46,45,90,67,72,72,87,74.36363636,99,67.45454545,72.90909091,15,1.363636364,5.454545455,17.0309878,11,1
Student 474,Female,First Taker,47,68,98,89,,,,88,,,,57,68,98,89,,,,83,,,,57,68,98,89,,,,88,,,,80,98,78,79,7,1.4,1,16.89674525,5,0
Student 475,Female,First Taker,35,48,59,47,46,45,47,44,59,,48,35,71,71,47,46,44,47,44,59,,48,35,71,77,47,46,45,47,44,59,,48,51.9,77,47.8,51.2,15,1.5,3.4,13.07627198,10,1
Student 476,Female,Repeater,35,,,,,,,,,,,35,,,,,,,,,,,35,,,,,,,,,,,35,35,35,35,1,1,0,0,1,0
Student 477,Male,First Taker,35,52,,,,,,,,,,35,52,,,,,,,,,,35,52,,,,,,,,,,43.5,52,43.5,43.5,2,1,0,12.02081528,2,0
Student 478,Male,First Taker,44,57,60,49,56,43,41,62,57,67,59,83,54,77,50,60,60,41,62,57,71,59,83,57,77,50,60,60,41,62,57,71,59,61.54545455,83,54.09090909,61.27272727,23,2.090909091,7.181818182,11.81832168,11,1
Student 479,Female,First Taker,,,,,,43,48,55,36,,,,,,,,43,48,32,36,,,,,,,,43,48,55,36,,,45.5,55,45.5,39.75,5,1.25,-5.75,8.020806277,4,1
Student 480,Female,Repeater,36,48,60,49,45,49,,59,66,56,,49,89,60,49,45,51,,59,83,56,,49,89,60,49,45,51,,59,83,56,,60.11111111,89,52,60.11111111,14,1.555555556,8.111111111,15.55188449,9,1
Student 481,Female,First Taker,49,67,57,52,44,45,50,57,,56,,49,93,57,52,44,45,50,57,,56,,49,93,57,52,44,45,50,57,,56,,55.88888889,93,53,55.88888889,11,1.222222222,2.888888889,14.73469074,9,1
Student 482,Female,First Taker,59,54,92,79,67,70,86,76,70,76,74,100,54,92,79,71,70,86,76,100,76,74,100,54,92,79,71,70,86,76,100,76,74,79.81818182,100,73,79.81818182,15,1.363636364,6.818181818,13.80447885,11,1
Student 483,Female,Repeater,50,41,,,,,,,71,63,44,50,41,,,,,,,71,63,44,50,41,,,,,,,71,63,44,53.8,71,53.8,53.8,5,1,0,12.79453008,5,1
Student 484,Female,First Taker,75,76,88,,,79,78,,,,,75,76,81,,,79,78,,,,,75,76,88,,,79,78,,,,,79.2,88,79.2,77.8,7,1.4,-1.4,5.167204273,5,1
Student 485,Female,,42,45,50,,41,,,,,59,,42,83,50,,41,,,,,59,,42,83,50,,41,,,,,59,,55,83,47.4,55,7,1.4,7.6,17.24818831,5,0
Student 486,Female,First Taker,39,40,53,,,50,72,,,,,39,80,78,,,50,72,,,,,39,80,94,,,50,72,,,,,67,94,50.8,63.8,10,2,13,22.3383079,5,0
Student 487,Male,First Taker,66,49,,,,,,,,,,72,58,,,,,,,,,,72,58,,,,,,,,,,65,72,57.5,65,4,2,7.5,9.899494937,2,1
Student 488,Female,Repeater,,65,68,71,61,61,77,85,83,82,,,65,68,71,62,61,77,85,78,73,,,65,68,71,62,61,77,85,83,82,,72.66666667,85,72.55555556,71.11111111,12,1.333333333,-1.444444444,9.340770846,9,1
Student 489,Female,First Taker,45,43,68,64,68,54,,73,,71,,83,43,68,64,68,54,,73,,71,,83,43,68,64,68,54,,73,,71,,65.5,83,60.75,65.5,9,1.125,4.75,12.22409798,8,1
Student 490,Male,Repeater,43,37,57,,52,40,72,53,,90,,67,63,57,,52,40,72,53,,94,,67,68,57,,52,40,72,53,,96,,63.125,96,55.5,62.25,18,2.25,6.75,16.8898744,8,1
Student 491,Female,Repeater,,63,80,72,59,61,81,85,76,70,69,,63,80,72,59,61,81,85,76,70,84,,63,80,72,59,61,81,85,76,70,84,73.1,85,71.6,73.1,11,1.1,1.5,9.64307466,10,0
Student 492,Female,Repeater,49,55,61,57,,,62,58,70,60,51,87,75,62,57,,,62,77,70,60,51,87,75,62,57,,,62,77,70,60,51,66.77777778,87,58.11111111,66.77777778,15,1.666666667,8.666666667,11.33333333,9,1
Student 493,Male,First Taker,52,62,,,,50,79,74,,,85,52,62,,,,50,85,74,,,85,52,62,,,,50,85,74,,,85,68,85,67,68,7,1.166666667,1,15.68438714,6,1
Student 494,Female,Repeater,50,56,67,64,64,47,71,,,,,50,100,95,64,98,47,71,,,,,50,100,95,64,98,47,71,,,,,75,100,59.85714286,75,11,1.571428571,15.14285714,22.73030283,7,1
Student 495,Female,First Taker,33,39,50,48,46,44,48,50,62,59,57,58,88,65,68,52,58,76,70,77,74,82,58,99,90,68,52,58,76,70,77,74,82,73.09090909,99,48.72727273,69.81818182,50,4.545454545,21.09090909,14.13120338,11,1
Student 496,Female,Repeater,39,57,87,72,80,71,80,83,,71,79,39,57,87,72,80,71,80,83,,71,79,39,57,87,72,80,71,80,83,,71,79,71.9,87,71.9,71.9,10,1,0,14.29413244,10,0
Student 497,Female,First Taker,68,71,73,52,70,51,69,,,,,68,71,73,52,70,51,69,,,,,68,71,73,52,70,51,69,,,,,64.85714286,73,64.85714286,64.85714286,7,1,0,9.263343015,7,1
Student 498,Male,Repeater,30,39,65,47,37,23,71,57,53,58,63,81,92,79,52,37,60,86,98,53,58,100,93,92,96,52,37,92,86,98,53,58,100,77.90909091,100,49.36363636,72.36363636,32,2.909090909,23,22.95846051,11,1
Student 499,Male,First Taker,58,71,,,,61,82,,,,,58,71,,,,61,82,,,,,58,71,,,,61,82,,,,,68,82,68,68,4,1,0,10.86278049,4,0
Student 500,Female,First Taker,43,52,54,54,43,46,49,60,63,66,,43,59,69,60,53,39,94,60,79,66,,43,89,69,60,53,46,94,60,79,66,,65.9,94,53,62.2,19,1.9,9.2,17.19463741,10,1
Student 501,Male,First Taker,70,61,62,65,65,58,76,75,75,73,,70,61,62,65,99,58,76,75,75,73,,70,61,62,65,99,58,76,75,75,73,,71.4,99,68,71.4,12,1.2,3.4,11.69235268,10,1
Student 502,Male,First Taker,42,56,73,,,67,76,70,76,72,,42,59,73,,,66,82,70,76,72,,42,59,73,,,67,85,70,76,72,,68,85,66.5,67.5,13,1.625,1,12.85079208,8,1
Student 503,Male,Repeater,,54,,,,,,,,,,,92,,,,,,,,,,,92,,,,,,,,,,92,92,54,92,2,2,38,0,1,1
Student 504,Male,First Taker,83,,93,,,,,,,,,83,,89,,,,,,,,,83,,93,,,,,,,,,88,93,88,86,3,1.5,-2,7.071067812,2,1
Student 505,Male,Repeater,,,76,55,64,46,,,,,62,,,82,55,69,56,,,,,62,,,92,55,69,56,,,,,62,66.8,92,60.6,64.8,10,2,4.2,15.15585695,5,1
Student 506,Male,First Taker,55,51,69,51,61,58,75,70,79,75,,55,51,69,51,61,58,75,70,79,75,,55,51,69,51,61,58,75,70,79,75,,64.4,79,64.4,64.4,10,1,0,10.49020707,10,1
Student 507,Male,First Taker,48,84,,,,,85,,,,,48,84,,,,,85,,,,,48,84,,,,,85,,,,,72.33333333,85,72.33333333,72.33333333,3,1,0,21.07921567,3,1
Student 508,Female,First Taker,,27,,,,,,26,,,,,27,,,,,,26,,,,,27,,,,,,26,,,,26.5,27,26.5,26.5,2,1,0,0.7071067812,2,1
Student 509,Male,First Taker,23,69,82,57,,,,,,,,52,69,82,57,,,,,,,,52,69,82,57,,,,,,,,65,82,57.75,65,5,1.25,7.25,13.39153962,4,1
Student 510,Female,First Taker,45,59,68,54,45,46,63,64,66,64,,96,54,68,54,45,46,63,95,66,64,,96,59,68,54,45,46,63,95,66,64,,65.6,96,57.4,65.1,13,1.3,7.7,17.60807895,10,1
Student 511,Female,Repeater,36,54,78,,,,,,,,,36,69,78,,,,,,,,,36,69,78,,,,,,,,,61,78,56,61,4,1.333333333,5,22.11334439,3,0
Student 512,Female,First Taker,26,,49,65,,,,,,,,26,,49,65,,,,,,,,26,,49,65,,,,,,,,46.66666667,65,46.66666667,46.66666667,3,1,0,19.60442127,3,0
Student 513,Female,First Taker,48,52,,,,,,,70,,,48,52,,,,,,,70,,,48,52,,,,,,,70,,,56.66666667,70,56.66666667,56.66666667,3,1,0,11.71893055,3,1
Student 514,Female,Repeater,50,56,57,53,47,35,45,64,71,58,53,45,56,57,53,47,35,57,64,71,57,53,50,56,57,53,47,35,57,64,71,58,53,54.63636364,71,53.54545455,54.09090909,14,1.272727273,0.5454545455,9.222502125,11,1
Student 515,Female,First Taker,68,76,82,81,66,52,93,97,91,91,89,68,95,88,93,87,94,98,91,98,88,89,68,95,88,93,95,99,98,97,98,91,89,91.90909091,99,80.54545455,89.90909091,28,2.545454545,9.363636364,8.757334588,11,1
Student 516,Female,First Taker,52,61,72,60,64,61,86,71,73,81,,52,61,72,60,64,61,86,71,73,81,,52,61,72,60,64,61,86,71,73,81,,68.1,86,68.1,68.1,10,1,0,10.41846651,10,1
Student 517,Female,First Taker,44,58,64,63,60,76,72,67,67,,61,44,58,64,63,60,76,72,67,67,,61,44,58,64,63,60,76,72,67,67,,61,63.2,76,63.2,63.2,10,1,0,8.702490065,10,1
Student 518,Female,Repeater,45,46,47,46,36,35,79,62,,68,57,51,72,78,74,64,47,79,72,,68,93,51,72,78,74,64,47,79,72,,68,93,69.8,93,52.1,69.8,20,2,17.7,13.44784163,10,0
Student 519,Female,First Taker,61,64,,,,,,,,,,61,64,,,,,,,,,,61,64,,,,,,,,,,62.5,64,62.5,62.5,2,1,0,2.121320344,2,1
Student 520,Female,First Taker,45,54,67,63,,66,66,70,76,,,45,75,78,63,,66,66,70,76,,,45,75,78,63,,66,66,70,76,,,67.375,78,63.375,67.375,10,1.25,4,10.52802383,8,1
Student 521,Male,First Taker,65,80,96,87,68,70,81,84,83,85,,65,70,62,87,46,50,81,77,83,85,,65,80,96,87,68,70,81,84,83,85,,79.9,96,79.9,70.6,22,2.2,-9.3,9.573690801,10,1
Student 522,Male,Repeater,24,49,54,28,39,35,50,50,56,40,22,94,90,54,28,39,35,50,50,56,42,22,94,90,54,28,39,35,50,50,56,42,22,50.90909091,94,40.63636364,50.90909091,15,1.363636364,10.27272727,22.92795039,11,0
Student 523,Female,First Taker,45,47,43,29,36,38,26,34,40,24,,45,47,43,29,36,38,26,34,40,24,,45,47,43,29,36,38,26,34,40,24,,36.2,47,36.2,36.2,10,1,0,7.941452428,10,0
Student 524,Female,Repeater,32,51,6,42,42,,63,56,60,60,54,96,47,66,26,47,,63,56,60,60,54,96,51,93,42,47,,63,56,60,60,54,62.2,96,46.6,57.5,17,1.7,10.9,18.17079464,10,1
Student 525,Female,Repeater,89,94,97,,,,,,,,,89,94,99,,,,,,,,,89,94,99,,,,,,,,,94,99,93.33333333,94,5,1.666666667,0.6666666667,5,3,0
Student 526,Female,Repeater,35,57,54,62,58,45,50,60,69,71,75,35,100,83,78,52,45,50,56,69,97,75,35,100,96,78,58,45,50,60,69,97,75,69.36363636,100,57.81818182,67.27272727,22,2,9.454545455,22.10100779,11,1
Student 527,Female,First Taker,57,53,71,,83,94,49,62,65,72,57,57,82,55,,59,49,71,80,81,72,57,57,82,71,,83,94,71,80,81,72,57,74.8,94,66.3,66.3,21,2.1,0,11.65999809,10,1
Student 528,Female,First Taker,58,64,69,58,57,,,,,,,58,71,69,58,77,,,,,,,58,71,69,58,77,,,,,,,66.6,77,61.2,66.6,7,1.4,5.4,8.384509527,5,1
Student 529,Female,First Taker,54,67,71,62,56,51,85,76,84,77,,54,67,71,62,63,62,85,76,84,77,,54,67,71,62,63,62,85,76,84,77,,70.1,85,68.3,70.1,12,1.2,1.8,10.2680735,10,1
Student 530,Female,Repeater,35,36,57,,42,48,40,49,58,55,43,35,94,57,,85,80,89,93,62,55,47,35,94,57,,85,80,91,93,62,55,47,69.9,94,46.3,69.7,25,2.5,23.4,21.29919143,10,1
Student 531,Female,First Taker,48,66,76,56,61,51,63,73,83,73,,48,66,76,56,61,51,63,73,83,73,,48,66,76,56,61,51,63,73,83,73,,65,83,65,65,10,1,0,11.35292424,10,1
Student 532,Female,Repeater,43,49,66,56,,,,,,56,,43,49,66,56,,,,,,56,,43,49,66,56,,,,,,56,,54,66,54,54,5,1,0,8.631338251,5,1
Student 533,Female,First Taker,63,74,83,69,72,62,78,78,83,76,76,63,74,83,69,98,62,78,78,83,76,76,63,74,83,69,98,62,78,78,83,76,76,76.36363636,98,74,76.36363636,12,1.090909091,2.363636364,10.03267389,11,1
Student 534,Female,First Taker,60,67,82,72,68,58,75,86,89,78,,60,82,82,72,68,58,75,86,89,78,,60,82,82,72,68,58,75,86,89,78,,75,89,73.5,75,11,1.1,1.5,10.51982256,10,1
Student 535,Male,First Taker,72,67,88,81,72,61,77,78,86,80,86,99,64,80,81,79,76,77,86,72,80,85,99,91,92,81,79,76,77,86,91,80,86,85.27272727,99,77.09090909,79.90909091,25,2.272727273,2.818181818,7.34970624,11,1
Student 536,Female,First Taker,,72,84,69,68,59,84,77,81,77,,,91,84,69,68,59,84,77,81,77,,,91,84,69,68,59,84,77,81,77,,76.66666667,91,74.55555556,76.66666667,10,1.111111111,2.111111111,9.861541462,9,1
Student 537,Male,First Taker,44,41,55,48,35,48,55,64,71,60,,44,92,72,81,49,73,68,68,93,60,,44,94,83,81,76,73,75,68,93,60,,74.7,94,52.1,70,28,2.8,17.9,14.9966663,10,1
Student 538,Male,Repeater,,55,11,,,22,18,,,,,,91,87,,,22,94,,,,,,91,87,,,22,94,,,,,73.5,94,26.5,73.5,8,2,47,34.45286635,4,1
Student 539,Male,First Taker,44,50,79,59,55,56,65,75,72,72,,91,80,90,72,86,56,65,75,72,72,,95,84,90,72,86,56,65,75,72,72,,76.7,95,62.7,75.9,20,2,13.2,11.9540788,10,1
Student 540,Male,First Taker,55,52,65,53,56,64,70,69,77,77,76,92,70,67,53,54,65,70,69,77,81,76,92,70,67,53,56,65,70,69,77,81,76,70.54545455,92,64.90909091,70.36363636,19,1.727272727,5.454545455,10.98511389,11,1
Student 541,Male,First Taker,82,80,93,85,71,68,87,93,83,88,92,82,88,92,85,81,68,87,93,83,88,92,82,88,93,85,81,68,87,93,83,88,92,85.45454545,93,83.81818182,85.36363636,14,1.272727273,1.545454545,7.174449615,11,1
Student 542,Female,Repeater,42,44,68,,40,,,,,,,42,56,68,,40,,,,,,,42,56,68,,40,,,,,,,51.5,68,48.5,51.5,6,1.5,3,13.10216267,4,1
Student 543,Female,First Taker,55,77,92,70,70,74,75,82,81,86,,55,77,92,70,70,74,75,82,81,86,,55,77,92,70,70,74,75,82,81,86,,76.2,92,76.2,76.2,10,1,0,10.19585973,10,1
Student 544,Female,First Taker,54,70,78,77,73,54,62,73,85,80,,54,73,78,91,82,74,62,86,85,80,,54,73,78,91,82,74,62,86,85,80,,76.5,91,70.6,76.5,16,1.6,5.9,11.31616346,10,1
Student 545,Male,First Taker,59,75,89,76,69,69,79,86,,,85,59,75,89,80,97,77,79,86,,,85,59,75,89,80,97,77,79,86,,,85,80.77777778,97,76.33333333,80.77777778,13,1.444444444,4.444444444,10.61576396,9,1
Student 546,Female,First Taker,54,64,69,88,55,54,86,84,84,72,84,54,64,69,88,55,54,37,84,84,72,84,54,64,69,88,55,54,86,84,84,72,84,72.18181818,88,72.18181818,67.72727273,12,1.090909091,-4.454545455,13.76094606,11,1
Student 547,Female,Repeater,37,,,,,,,,,,,37,,,,,,,,,,,37,,,,,,,,,,,37,37,37,37,1,1,0,0,1,1
Student 548,Male,First Taker,40,46,46,,,,,,,,,74,46,46,,,,,,,,,74,46,46,,,,,,,,,55.33333333,74,44,55.33333333,4,1.333333333,11.33333333,16.16580754,3,0
Student 549,Female,First Taker,33,44,43,,43,40,52,,,,48,45,47,49,,43,41,66,,,,48,45,60,49,,43,42,66,,,,48,50.42857143,66,43.28571429,48.42857143,17,2.428571429,5.142857143,9.107819769,7,1
Student 550,Female,First Taker,54,68,72,67,56,48,84,82,81,76,81,100,68,72,67,72,65,84,82,81,76,81,100,68,72,67,72,65,84,82,81,76,81,77.09090909,100,69.90909091,77.09090909,14,1.272727273,7.181818182,10.0543975,11,1
Student 551,Female,First Taker,45,45,,,,,,,,,,45,45,,,,,,,,,,45,45,,,,,,,,,,45,45,45,45,2,1,0,0,2,1
Student 552,Male,First Taker,61,,,74,83,,,86,88,,,61,,,82,32,,,31,88,,,61,,,82,83,,,86,88,,,80,88,78.4,58.8,11,2.2,-19.6,10.88577053,5,1